username,userid,profile_location,created_at,text,retweet_count,source,coordinates
Reason,1018382182929141761,"Vancouver, Canada",2018-07-15 06:30:07,"@SapporoSteve @herbivore_club Non-vegans have many difficult questions to answer:

How can you morally justify need‚Ä¶ https://t.co/684mIuBuId",0,Twitter Web App,
MissGrannyGarcia,1256823415,Vancouver Canada,2013-03-10 11:44:44,Greta Thunberg WON‚ÄôT ANSWER Basic Questions About Climate Change https://t.co/7qX64aR7ar via @YouTube A little girl‚Ä¶ https://t.co/0ZEa4qChNN,0,Twitter Web App,
UrbanVN,3226565029,"Vancouver, British Columbia",2015-05-25 19:57:06,Survey: Mayors Concerned About Direct Impacts of Climate Change | Planetizen News As Michael Brady writes in Smart‚Ä¶ https://t.co/M0qkWBLtb1,0,IFTTT,
Danny Blu,1519406919357661184,"Vancouver, British Columbia",2022-04-27 20:03:48,@catturd2 But it‚Äôs climate change medical coincidence,0,Twitter for iPhone,
Goetix‚ÄúDemon Slayer‚ÄùClothing,1089662616736165888,"Vancouver, British Columbia",2019-01-27 23:13:07,"@wandreef @d2xj52 @WBrettWilson @CBCNews The North Pole has also moved about 3000km away since the 1900s ü§î

Climate‚Ä¶ https://t.co/s8PmNLxmbJ",0,Twitter for iPhone,
Susan MacRae,1523021367578435590,"Vancouver, British Columbia",2022-05-07 19:26:30,@lynboyle4 @JeffreyLuscombe Yes because banning them is not really solving the problem ‚Äî it‚Äôs good optics for all o‚Ä¶ https://t.co/ggY2kPFrUH,0,Twitter for iPhone,
Rjr,1021947116422189057,"Vancouver, British Columbia",2018-07-25 02:35:54,@ECOWARRIORSS Who‚Äôs debating it if you a have credible scientific evidence that co2 is not the main cause of climat‚Ä¶ https://t.co/YPAzQ8JoC2,0,Twitter for iPhone,
VicEüá®üá¶,2740663435,Greater Vancouver,2014-08-17 22:18:16,@BryanPassifiume But‚Ä¶but climate change! https://t.co/oMwTRT6rbK,0,Twitter for iPhone,
CBC British Columbia,17138582,"Vancouver, British Columbia",2008-11-03 20:07:22,"Extreme weather, floods, fires and landslides related to climate change are shifting the way Canadian adventure spo‚Ä¶ https://t.co/MQ3DzPxasu",2,Buffer,
Miles Lunn üá®üá¶üá∫üá¶,902966850421571584,"Vancouver, British Columbia",2017-08-30 18:50:48,@JohnPray16 @Jenni_Byrne @VoiceOfFranky @acoyne Most care about climate change which will cost a lot.  Conservative‚Ä¶ https://t.co/pHahNld9hn,0,Twitter Web App,
‚ú†Âà∂Ë£Å!üá¨üáß,1250744691559030784,"Vancouver, British Columbia",2020-04-16 11:15:57,@followthera33it @business we thank you for the $31.4 trillion from your @gop &amp; @DNC boomers in power. and climate‚Ä¶ https://t.co/4MXFRjB4dT,0,Twitter for iPhone,
John_CanadianCavemen,1390448443647164418,"Vancouver, BC",2021-05-06 23:28:48,"@IsisWise As things like this become more common, one day it will be you being ""debanked"" for saying the wrong thin‚Ä¶ https://t.co/7jrzfqxqqV",0,Twitter Web App,
chantzy,18178850,"Vancouver, British Columbia",2008-12-17 01:32:04,I think this is the issue: the only people left talking a lot about climate change are those who are scared and tra‚Ä¶ https://t.co/HgJROeMKpt,7,Twitter for iPhone,
Jerome Collins,21672026,"English Bay, Vancouver",2009-02-23 17:34:09,"Some real weirdos, and I'm not just talking anti-vax rednecks (aka libertarians). Lots of climate-change haters cla‚Ä¶ https://t.co/6aMtKaz9Ou",1,Twitter Web App,
UBC CIS,756172514942824448,"Vancouver, British Columbia",2016-07-21 17:02:31,"UBC‚Äôs Social Justice Institute is hosting a talk on feminist responses to climate change.

When &amp; Where
Date: Wed,‚Ä¶ https://t.co/DTWYf66ne2",0,Hootsuite Inc.,
Carol Reardon (she/her) creardon@urbanists.social,2853867383,"Vancouver, British Columbia",2014-10-31 21:49:35,@casualcactii I usually see the term used against people who support climate change action or support for social we‚Ä¶ https://t.co/lAkUtemSt9,0,Twitter for iPhone,
Marc üá®üá¶üáßüá∑,1585197828045156353,"Vancouver, British Columbia",2022-10-26 09:13:24,"@wiseoldelf99 @HettrickMichael @scotiabank duh. They were TeRrOrIsTs. Government said so.

They are identified thro‚Ä¶ https://t.co/YKgpzH4Oba",0,Twitter for Android,
Greg Hernandez,372900907,"Vancouver, BC",2011-09-13 16:40:36,@WholeMarsBlog Climate change is a hoax. Send them paper towels and let‚Äôs get back to the pressing business of stopping the steal.,0,Twitter for iPhone,
Jimmy Scrambles ü§†üá®üá¶üéÉ üêß ü¶û,1379217473476567040,Vancouver BC,2021-04-05 23:41:02,I think a major difference between old environmental issues and climate change is that it's a lot harder to get awa‚Ä¶ https://t.co/TUFZNuomGX,4,Twitter for Android,
M.R.F. = My Rights & Freedoms,185013797,Vancouver BC,2010-08-31 01:12:43,"@MikeHudema Destruction was created by the same people that attend the WEF at Davos in their private jets.  
The sa‚Ä¶ https://t.co/gqfzq6LlIL",0,Twitter Web App,
Carol Reardon (she/her) creardon@urbanists.social,2853867383,"Vancouver, British Columbia",2014-10-31 21:49:35,@DownHooligan @ItsDeanBlundell Are you admitting that she did have a good reason to laugh when Rebel News suggested‚Ä¶ https://t.co/h1noSGs2Oj,0,Twitter for iPad,
Brandon Macdonald,1066342350,"Vancouver, BC",2013-01-06 18:21:44,"@cassiajohnson @MiningCatalyst When I said ""destructive"", I wasn't implying there couldn't be remediation and a ret‚Ä¶ https://t.co/qlxmpn04mT",0,Twitter Web App,
frameofmind,136476524,Vancouver,2010-04-24 02:01:11,"The future is in decimating your climate change due to man is entirely false.
Your policies are overtly harming the‚Ä¶ https://t.co/JPPtGEugY3",1,Twitter Web App,
frameofmind,136476524,Vancouver,2010-04-24 02:01:11,"@OmarAlghabra The future is in decimating your climate change due to man is entirely false.
Your policies are overt‚Ä¶ https://t.co/HQwWieqC4b",0,Twitter Web App,
Rishi Saunam,1254849575271034886,"Vancouver, British Columbia",2020-04-27 19:08:10,@greencrow12 Being a fool is not genetic.. it‚Äôs environmental.. climate change I hear üòâü§£ü§£,0,Twitter for iPhone,
Ralph Kuerbis,821677992669802496,"Vancouver, British Columbia",2017-01-18 11:17:54,"@JunkScience @algore They shut down whole economies for ""covid"" and ""climate change"" to produce mass movement of pe‚Ä¶ https://t.co/VSChZkjABn",0,Twitter Web App,
Crawford Kilian,19042993,"North Vancouver, BC",2009-01-15 22:39:28,"Climate change trauma has real impacts on cognition and the brain, wildfire survivors study shows‚Ä¶ https://t.co/oTjZ2VKNmV",1,Twitter Web App,
baldguyinit,1589992458699640835,"Vancouver, BC",2022-11-08 14:45:28,@GeraldKutney Is that worse than spreading lies and propaganda to push action on climate change?,0,Twitter Web App,
Cameron Maltby,2319768642,"North Vancouver, BC",2014-01-30 23:00:34,"@JordanVegBike @ParkBoard @ParkBoardScott ""Accessibility for cars before people and contributing to climate change‚Ä¶ https://t.co/9oOYgw39OG",0,Twitter Web App,
City of Richmond BC,391018658,"Richmond, British Columbia",2011-10-14 22:36:23,"Staycations aren‚Äôt just for humans. With the effects of climate change, some birds now stay local. üê¶Water resources‚Ä¶ https://t.co/o89MbSsKeq",4,Hootsuite Inc.,
Marcus Aurelius,1518695107779698689,"Vancouver, British Columbia",2022-04-25 20:55:15,"@KGeorgieva I don‚Äôt get it, take money away from every day people to finance climate change. Why punish every day f‚Ä¶ https://t.co/l3oYur4567",0,Twitter for iPhone,
baldguyinit,1589992458699640835,"Vancouver, BC",2022-11-08 14:45:28,"@MatthewWielicki Oh, so THESE are those climate change-related deaths they keep talking about.

I get it now. They‚Ä¶ https://t.co/98L4bYDkOi",0,Twitter Web App,
"Srinivas Murthy, MD, MHSc",3191587158,"Vancouver, British Columbia",2015-05-11 03:42:56,I'm speaking as a 'thought leader' at @SCCM on Critical Care and climate change. Excited to share ideas and opportu‚Ä¶ https://t.co/3g5deXbocV,4,Twitter Web App,
GrantinVan üá∫üá¶ üôè 4 ‚úåÔ∏è,1503438102945140736,üá®üá¶ ,2022-03-14 18:29:22,@caslernoel Some aspects of climate change might be beneficial. https://t.co/e9svQ6sq4R,0,Twitter for Android,
Rob Chipman,386106777,Vancouver,2011-10-06 17:39:30,@StijnBruers @webmasterdave @JoshuaHiles @KSAfricaHack @herbivorize @PaulDolman3 @SteveCJjones @StephenCorrySvl‚Ä¶ https://t.co/ZbMCMdP4cy,0,Twitter for iPhone,
Peter Kieser üçÅüö∂,14237618,"Vancouver, BC",2008-03-27 18:43:17,@eastsidedads @TatarynMary @ParkBoardScott @ParkBoard There are proposal to raise the whole seawall to mitigate cli‚Ä¶ https://t.co/7LQVxlPfIE,0,Twitter Web App,
Evita Siu üá®üá¶ üá∫üá¶ üåª,907419378961940480,"Vancouver,B.C. Canada",2017-09-12 01:43:33,@GeraldKutney Are you applying for the position of the supreme executioner in the Medieval  style Climate Change Ch‚Ä¶ https://t.co/xEPUMVmX40,0,Twitter for iPhone,
Sam Huge,1070180834248933376,"Vancouver, British Columbia",2018-12-05 04:59:28,@KevinFalcon @BCNRF Demonstrating why Falcon is still living in the 20th Century and doesn't take climate change se‚Ä¶ https://t.co/mN2ZNL2LYl,0,Twitter for Android,
Brent,209640560,"Vancouver, BC",2010-10-29 16:00:42,@MikeHudema Climate change has nothing to do with us. The planet goes through its cycles. Were actually colder righ‚Ä¶ https://t.co/S2bwDNOabJ,0,Twitter for Android,
Brandon Macdonald,1066342350,"Vancouver, BC",2013-01-06 18:21:44,"@FossilLocator Mining is locally very destructive, but climate change is universally destructive. Choice is clear to me.",0,Twitter for Android,
Jens Wieting,538684370,Vancouver,2012-03-28 03:21:09,‚ÄúOne of the most disconcerting things about #climatechange is that what we do not know may hurt us the most.‚Äù Antar‚Ä¶ https://t.co/8RgyXg4PTp,1,Twitter for iPhone,
City of Vancouver - Greenest City,21930516,"Vancouver, British Columbia",2009-02-25 22:39:40,"What is a #KingTide? Learn more about these natural events &amp; how climate change is affecting them. 

They give us a‚Ä¶ https://t.co/1QFJ9cxz9A",11,Hootsuite Inc.,
Global Eat,2911635296,"Vancouver, BC, Canada",2014-11-27 07:21:21,Tips to cut down food waste and reduce climate change.   #foodwaste  #climatechange https://t.co/HFNtuJzz6X,0,Hootsuite Inc.,
Crawford Kilian,19042993,"North Vancouver, BC",2009-01-15 22:39:28,"When scientists tagged a curious seal, he led them to signs of a potential climate disaster. Check out this gift ar‚Ä¶ https://t.co/5NvY9Vdd8t",2,Twitter Web App,
Moondust Cosmetics,846751052560941058,"Vancouver, British Columbia",2017-03-28 15:49:17,Environmental Report 35 - UK scientist Lovelock was an environmentalist &amp; inspiration for the green movement. He de‚Ä¶ https://t.co/wMoK6PSTzE,0,Twitter Web App,
Ralph Kuerbis,821677992669802496,"Vancouver, British Columbia",2017-01-18 11:17:54,"@SeibtNaomi Contrast of temperature variation on Earth's surface in comparison to ""climate change"" expected tempera‚Ä¶ https://t.co/xrbGPojgJw",0,Twitter Web App,
Pete Quily,246667561,"Vancouver, BC",2011-02-03 06:49:07,"‚ÄúOver the last couple of decades our friends in Europe have encouraged the US to address climate change, and now we‚Ä¶ https://t.co/EqBm3dhfkD",0,Twitter for iPhone,
ME,1368368541062242304,"Richmond, British Columbia",2021-03-07 01:11:35,"@BGlbear81 @TimOnPoint Opening line in this report from the NOAA:

""Global temperatures rose about 1.98¬∞F  (1.1¬∞C)‚Ä¶ https://t.co/3o5wQJ1VLB",0,Twitter Web App,
Alan Smith,1327666400,Vancouver BC Canada ,2013-04-04 19:34:48,"@JebraFaushay Diversity, Climate Change, blah blah blah. But increased storage for water?? That is truly golden and‚Ä¶ https://t.co/4VuDO1JcdU",0,Twitter Web App,
Kara McNair. #BringBackMasks ü¶Ä üíâ üíâ üíâ üíâ üíâ üò∑,830585528961495040,"Vancouver, British Columbia",2017-02-12 01:13:16,"@whitneyarner (I mean, pandemic, climate change, massive inflation and inequity etc etc etc it‚Äôs interesting but it‚Ä¶ https://t.co/g2ke6mD3qJ",0,Twitter Web App,
"The Powder Picker, Meteorologist David Jones",39779111,Whistler Pig Alley 1650m asl,2009-05-13 16:02:14,"This is only one of the many reasons why, when it comes to weather, professional meteorologists should be the only‚Ä¶ https://t.co/SyIEjDJ3F0",0,Twitter Web App,
Keith Gillard,583192902,Vancouver BC,2012-05-17 20:27:50,Opinion: Canada should try to profit from the U.S. transition to ...  https://t.co/sSNhEvsAqK,0,BHIVE Nectar,
John Koetsier,1253661,"Vancouver, British Columbia",2007-03-15 23:08:20,"‚ÄúIgnoring climate change in the short term has benefits both to individuals and to organizations‚Äù

&gt;&gt; Why People Ar‚Ä¶ https://t.co/UtwJSc4FWq",0,Twitter for iPad,
Jordan Ross üå±(they/them),33779166,"Vancouver, British Columbia",2009-04-21 02:39:10,"""Accessibility and climate change are our passions."" - ABC Vancouver Park Board https://t.co/Ua6byzgPdH",2,Twitter for Android,
EtheralButterfly,1439794787335524357,"Vancouver, British Columbia",2021-09-20 03:33:34,@Charlie26823130 @elie_mcn Now I‚Äôm waiting for them@to announce no more running and or exercising because of climat‚Ä¶ https://t.co/axofNArMLH,0,Twitter for iPhone,
Matt,17157929,"Richmond, CA",2008-11-04 15:14:03,@SheaHomesNoCal @Shea_Homes Your logo looks like climate change causing sea level rise,0,Twitter Web App,
Steve Morgan (alpha-getti),24474506,Vancouver,2009-03-15 02:42:12,"@RphRphRphRph @BjornLomborg Funny, but climate change is what killed of the T-rexes.  Caused by the asteroid not humans.",1,Twitter Web App,
urmom,1521300893508927488,"Vancouver, British Columbia",2022-05-03 01:29:56,"idk man, maybe climate change isn‚Äôt that bad. i‚Äôm kinda liking this spring in january vibe",0,Twitter for iPhone,
Andre Sobolewski,3589968563,Vancouver,2015-09-08 17:50:52,@patrick_s_smart @JamesGDyke @MrAlexLawson I see this passage in the news release by 44.01 [https://t.co/uQ7wEDwRVF‚Ä¶ https://t.co/k8ziOzByoZ,0,Twitter Web App,
RatboneCudgel,440517605,Vancouver,2011-12-19 03:09:00,@nbreavington Climate change. It‚Äôs a scam that is going to destroy the middle class.,0,Twitter for iPhone,
‚úçüèªPaul üò∑ Dean‚úçüèª,23633699,"Vancouver, Canada",2009-03-10 19:00:02,"I can only get married if it rains and, thanks to climate change, that seems increasingly unlikely. Join me now on‚Ä¶ https://t.co/qBm9Mafga0",0,Twitter Web App,
baldguyinit,1589992458699640835,"Vancouver, BC",2022-11-08 14:45:28,"This is seriously worth 18 minutes of your time. If you think climate change is a serious issue, then just listen t‚Ä¶ https://t.co/pcHhPhAVFr",0,Twitter for Android,
chantzy,18178850,"Vancouver, British Columbia",2008-12-17 01:32:04,Now do climate change.,0,Twitter for iPhone,
THEWATCHTOWERS,205118178,Vancouver B.C.,2010-10-20 05:42:24,"Breaking: Climate change debunked once and for all. Michael Mann, the IPCC UN (Rockefeller) ""climate scientist"" who‚Ä¶ https://t.co/TxwJIUjiqx",2,Twitter Web App,
BC Tech Association,15801318,"Vancouver, British Columbia",2008-08-10 21:02:23,"Watch climate leaders @Vancity, @GeneralFusion, @GlobalRelay, @HTEC_CA and @LoopEnergy‚Äôs discussion on Clean Tech a‚Ä¶ https://t.co/vGtqdXjgMY",0,Sprout Social,
Wes Macaulay,25372907,"Vancouver, BC  CANADA",2009-03-19 20:04:05,@KCmacaulay @PGCitizen One of our Shuttlerack customers is a geneticist at UBC working on making trees more resista‚Ä¶ https://t.co/IDifVnUWp7,0,Twitter Web App,
How soon is now,1261469914826567681,"Vancouver, British Columbia",2020-05-16 01:34:16,@AndyLPNZ @RussCam62717476 @MatthewWielicki @UN @wef BINGO ! whatever minor cause that man has on the effects of cl‚Ä¶ https://t.co/arHb7tjCjq,0,Twitter for iPhone,
"P.W. Bridgman, Writer",1506405026230546433,"Vancouver, B.C., CANADA",2022-03-22 22:58:49,"@kevinspenst I don't know if a video that combines a long poem recited with beautiful background music qualifies, K‚Ä¶ https://t.co/pY1YTfm19n",1,Twitter Web App,
The Tyee,14269008,Vancouver,2008-03-31 19:58:22,"The environmental org argued in court that under the Climate Change Accountability Act, government should produce a‚Ä¶ https://t.co/6WOhV0Cq6D",2,TweetDeck,
ChrisHelcermas-Benge,22820478,Vancouver BC,2009-03-04 19:30:23,"Reporting requirements of B.C.‚Äôs climate law are enforceable by the court, sets legal precedent not only for B.C.,‚Ä¶ https://t.co/6UWX6tzrQB",1,Twitter Web App,
jen,2411356854,Vancouver,2014-03-25 18:10:37,"@CynMcBr @townhallcom ‚ÄúIt's no such thing as Climate Change.‚Äú
Oh okay. Phew",0,Twitter Web App,
Amir Adnani Ó®Ä,110507848,"Vancouver, British Columbia",2010-02-01 20:06:14,Nuclear Innovation Alliance released a report Thursday calling for a transformation of cuurent efforts by @ENERGY t‚Ä¶ https://t.co/Fr5VxGBPAu,7,Twitter Web App,
Hal Jam,405936782,"Vancouver, British Columbia",2011-11-06 01:07:00,@FrankScapp It‚Äôs almost like climate change is real and insurance companies have a financial obligation to accept reality.,1,Twitter Web App,
Erica Pinsky,18246204,Vancouver,2008-12-19 17:27:26,Climate change is here now. Yet some MEPs are still deciding whether to vote for a law that would protect us from a‚Ä¶ https://t.co/26Kv5qJXVH,0,Twitter Web App,
GLOBENet,33918760,Vancouver BC Canada,2009-04-21 14:26:55,"The big picture:¬†""Mayors in general, across party lines, are eager and committed to taking steps at the local level‚Ä¶ https://t.co/JSoP4mHaxO",0,LinkedIn,
Redhdlois,702657321852243968,Greater Vancouver,2016-02-25 00:52:15,"@ztisdale Cuz climate change‚Ä¶‚Ä¶.

https://t.co/zAWGIPRl3P",0,Twitter for iPad,
Charles Scott,48963522,"Vancouver, British Columbia",2009-06-20 08:44:24,@JunkScience Nice to know that Milloy's sad efforts are less and less meaningful as more and more people realize hu‚Ä¶ https://t.co/8Bc4oQGxRZ,0,Twitter Web App,
Mary Gillis,2535327366,"Vancouver, Canada",2014-05-30 15:48:39,"""On the one hand, everyone who's not insane agrees climate change will be terrible for economies. On the other hand‚Ä¶ https://t.co/qypMwOSoIE",2,Twitter for Android,
Mary Gillis,2535327366,"Vancouver, Canada",2014-05-30 15:48:39,"Even in this article that tries so hard to present both sides, the only justification given for why central banks s‚Ä¶ https://t.co/kPgqDNXuds",5,Twitter for Android,
DJ BLAKLITE,2956117017,"Vancouver, British Columbia",2015-01-02 06:16:51,its about climate change. and the radical effects we have on the planet around us. and the identity of self. and co‚Ä¶ https://t.co/nCGGKmkmKz,0,Twitter Web App,
grim,1339171276837908480,"Vancouver, British Columbia",2020-12-16 11:31:40,@CDNcatskinner @liberal_party What are you supposed to do climate change is a real problem we have to fix,0,Twitter for iPhone,
Carlo Corra,768542005374877696,"Vancouver, British Columbia",2016-08-24 20:14:27,"@AlbertaLeonidas So they tell us it‚Äôs due to climate change, joy, exercise, and stress from school. But now it‚Äôs du‚Ä¶ https://t.co/fo6wFsyrCr",0,Twitter for iPhone,
Brett Pardy,53556686,Vancouver,2009-07-04 01:24:10,@bwestcineaste @SeventhRow @orlamango Do you have more hope for the climate change is bad doc or drama?,0,Twitter Web App,
Ho.Mo.Leannan,1098435007314444288,"Vancouver, BC, Canada ",2019-02-21 04:11:28,"@peekaboo_jen @SamHeughan @Writer_DG Sam is interested in initiatives related to environment, climate change and su‚Ä¶ https://t.co/lkiz0y4f9Q",0,Twitter Web App,
Brenden,1262233632950743043,"Vancouver, British Columbia",2020-05-18 04:11:32,@fictionNAIme @DrLoupis This is the one portion of climate change that I believe. You can even see new ‚Äúholes‚Äù in C‚Ä¶ https://t.co/fU1M83N69o,0,Twitter for iPhone,
avancouverguy,2663507730,"Vancouver, British Columbia",2014-07-20 16:27:30,"@cafreeland @ChrisCoons @Sen_JoeManchin @sethmoulton @GregMeeksNYC @RepMariaSalazar Fight Ukraine, embrace climate change, drop bullshit.",0,Twitter for iPhone,
Vaccine Resistance,79905932,"Vancouver, Canada",2009-10-05 03:20:42,"We're on a slippery slope into Orwell's nightmare, a communitarian dystopic society, where individual rights are ev‚Ä¶ https://t.co/AyG4lZgs95",3,Twitter Web App,
Jean P. Gelinas,2796195057,"Vancouver, British Columbia",2014-09-30 20:03:56,"@chigrl A lot of politicians are also, like you, climate change deniers.  A lot of very important people thought th‚Ä¶ https://t.co/KOCuI7TLXG",2,Twitter Web App,
Bella Belle,1250153259072770048,Richmond BC,2020-04-14 20:06:24,@nbreavington At least covid seems to have a smaller shelf life. They can milk the climate change till the cows lit‚Ä¶ https://t.co/uk0rJnmN5r,0,Twitter Web App,
Sin√©ad √Åine,471725252,Vancouver ,2012-01-23 05:51:10,@roadtoserfdumb i've looked into this a little bit and it has more to offer than mars in terms of end result habita‚Ä¶ https://t.co/njse8t7sQG,0,Twitter for iPhone,
The Tyee,14269008,Vancouver,2008-03-31 19:58:22,"The main stage. The family and community. The respite from right-wing authoritarianism, poverty, climate change.

V‚Ä¶ https://t.co/w66B2BGORU",0,TweetDeck,
keyboard engineer,199555635,Vancouver,2010-10-07 04:39:32,"@TorranceCoste As a lefty who wants to align the goals of the energy sector with mitigating climate change, nationa‚Ä¶ https://t.co/2WnkPk89jf",0,Twitter for iPhone,
Philippine Canadian Inquirer,1010897337361694720,"Vancouver, British Columbia",2018-06-24 14:48:01,"Psychological trauma from extreme weather and climate events, such as wildfires, can have long-term impacts on surv‚Ä¶ https://t.co/OcBo80Rnra",0,SocialPilot.co,
jbv,2812211346,"Vancouver, British Columbia",2014-09-16 01:33:03,@AnitaAnandMP @CBCChrisBrown @CBCTheNational Climate change isn‚Äôt a problem when there are bombs to drop ü§°ü•¥,0,Twitter for iPhone,
The Tyee,14269008,Vancouver,2008-03-31 19:58:22,"Deaths from fossil fuels, CO2 and carbon monoxide choking up lungs aren‚Äôt visible. It comes down to public educatio‚Ä¶ https://t.co/kRYmfW2Bzt",3,TweetDeck,
Edmond Bugos,289247700,Vancouver,2011-04-28 09:03:18,"Al Gore says we be trapping as much extra heat as if 600,000 atomic bombs exploaded on earth each day. Who believes‚Ä¶ https://t.co/IYrzlbQta1",7,Twitter Web App,
Captain Hit-Guy nee CthulhuBob,815494359055351810,"Richmond, British Columbia",2017-01-01 09:46:21,"@ThomasBeyer @TorranceCoste No rain = no food
No arable land = no food
Climate change = no food
Oil = Climate Chang‚Ä¶ https://t.co/sEwg9GcRv4",0,Twitter for Android,
Jean P. Gelinas,2796195057,"Vancouver, British Columbia",2014-09-30 20:03:56,@Hello_its2023 @brettdrc @steve_joco Don‚Äôt forget climate change. That will make the other problems look minor whil‚Ä¶ https://t.co/O5URycfgw7,0,Twitter for iPhone,
Kimberley Foundation,981268440009785346,Greater Vancouver,2018-04-03 20:33:21,Thrilled to announce the launch today of The Collaborative: A Climate Change Pro-D series in partnership with the I‚Ä¶ https://t.co/JyMsKhXInm,0,Twitter Web App,
Jim Matkin,1895778721,VANCOUVER  BC,2013-09-23 01:29:03,"Green Champion Jacinda Ardern Resigns as New Zealand PM https://t.co/pCFvqueCr7 via @wattsupwiththat  ""I can‚Äôt thin‚Ä¶ https://t.co/QTGbzMfKgr",1,Twitter Web App,
WTF ZIGGY,1476723555664490497,"Vancouver, Canada ",2021-12-31 01:15:36,@PatrickBeatmeat @MarkHricketson @ItickPaul @Richard50478103 @BarnettforAZ @GretaThunberg How?  I'm the one speakin‚Ä¶ https://t.co/AvF9AJs8hk,0,Twitter Web App,
‚ÄòDezza‚Äô,242841865,"Vancouver, British Columbia",2011-01-25 18:34:27,@disclosetv Canada is getting a polar vortex next month what climate change are you talking about ü§°,0,Twitter for iPhone,
gravyüá®üá¶,880173941842522112,"Vancouver, British Columbia",2017-06-28 21:19:55,"@tedcruz So, what‚Äôs your huge idea to combat climate change? What‚Äôs your contribution, to this issue? Probably noth‚Ä¶ https://t.co/FtpA4g8aij",0,Twitter for iPhone,
JB MacKinnon,1349411046,"Vancouver, Canada",2013-04-13 14:50:53,"""It's an increasingly familiar dilemma: Extracting the metals and minerals we need to avoid the worst catastrophes‚Ä¶ https://t.co/epzFcNcFrx",1,Twitter Web App,
Aquatic Informatics,71280723,"Vancouver, BC",2009-09-03 15:29:46,Climate change is contributing to electric-green algae blooms. Massachusetts wants a cleanup of the antiquated sept‚Ä¶ https://t.co/mZWEY1Ld2v,0,Agorapulse app,
WTF ZIGGY,1476723555664490497,"Vancouver, Canada ",2021-12-31 01:15:36,@PatrickBeatmeat @MarkHricketson @ItickPaul @Richard50478103 @BarnettforAZ @GretaThunberg I'm a grown man. A father‚Ä¶ https://t.co/aWJvnUgCQB,0,Twitter Web App,
WTF ZIGGY,1476723555664490497,"Vancouver, Canada ",2021-12-31 01:15:36,@PatrickBeatmeat @MarkHricketson @ItickPaul @Richard50478103 @BarnettforAZ @GretaThunberg The only person on this t‚Ä¶ https://t.co/gZkUj5VYul,0,Twitter Web App,
Kathryn Harrison,410851204,Vancouver,2011-11-12 17:15:33,"AB pols' issue with Just Transition isn't justice, it's acknowledging the need for transition. They're either denyi‚Ä¶ https://t.co/KVWRB8Xk2r",2,Twitter Web App,
WTF ZIGGY,1476723555664490497,"Vancouver, Canada ",2021-12-31 01:15:36,@PatrickBeatmeat @ItickPaul @Richard50478103 @MarkHricketson @BarnettforAZ @GretaThunberg @elon You believe in clim‚Ä¶ https://t.co/bj0cOXxBsK,0,Twitter Web App,
David Helvarg,322506902,"Richmond, CA",2011-06-23 08:47:33,"My latest piece for SF Chronicle

Is strip-mining the sea floor to fight climate change necessary? Let‚Äôs find out b‚Ä¶ https://t.co/56v4pqV187",0,Twitter Web App,
Nexii,1232454508912893959,Vancouver Canada,2020-02-25 23:57:20,The University of Toronto announces a new research centre that will work to find a viable solution to the growing n‚Ä¶ https://t.co/9PWv6m0Dc2,0,Twitter Web App,
.ECO domain,19280302,"Vancouver, Canada",2009-01-21 07:53:01,Climate change through the eyes of TV weather presenters: https://t.co/RALKWXr7Zn. To all the meteorologists and cl‚Ä¶ https://t.co/Jts4iAEtIU,0,TweetDeck Web App,
NCCEH | CCNSE,59057838,"Vancouver, BC",2009-07-22 06:36:12,"Upcoming Webinar - Climate Change and Health: The IPCC Report and COP27

February 24, 2023 @ 12 - 1pm Pacific Time‚Ä¶ https://t.co/AaaJ2rmeDb",1,Hootsuite Inc.,
Ad Auris,1359726167096393728,Vancouver BC Canada,2021-02-11 04:49:36,The Ad Auris daily narration! Each day we select one narration to share with our community ‚Äì picked for its quality‚Ä¶ https://t.co/MDhyNJBM35,0,Buffer,
-BL4CK0UT-,109351398,"Vancouver, British Columbia",2010-01-28 19:41:09,@SikhForTruth Transhumanist set out the plan a long time ago.  Only way we stop it is confront the Bilderberg Group‚Ä¶ https://t.co/u5ZXvlGBoV,0,Twitter for iPhone,
Priscilla Saarinen üá∫üá∏ üá®üá¶ üá´üáÆ,1497575829743808519,"Vancouver, British Columbia",2022-02-26 14:15:04,@elonmusk @john @fullsendpodcast @joerogan The climate change cycle has existed from the beginning.  Nothing we do‚Ä¶ https://t.co/3sFBlQoOK1,0,Twitter for Android,
Aldyen Donnelly,606768790,"Vancouver, BC, Canada",2012-06-13 00:39:45,"@TerryDaynard did we need to introduce a complex new system of tariffs (""Carbon Border Adjustments"", which are like‚Ä¶ https://t.co/vw0H0uEzSu",0,Twitter for Android,
Brad Braun,1163839212203978753,North Vancouver,2019-08-20 15:45:03,@CTVNews Here‚Äôs a good video to watch for anyone who wants a little bit more nuance about climate change measures a‚Ä¶ https://t.co/DEnsIGTS50,0,Twitter Web App,
adamjlockhart,1362123565143756801,"Vancouver, British Columbia",2021-02-17 19:36:43,@ezralevant Do you have plans to actually become educated in the area of climate change ?,0,Twitter for iPhone,
James Stiver,2875528742,"Vancouver, British Columbia",2014-10-24 16:09:20,Even if you‚Äôre a climate change denier surely you can at least agree that burning fossil fuels pollutes the air and‚Ä¶ https://t.co/eDoOMbazGD,0,Twitter for iPhone,
Matt Henry Vancouver Real Estate,19220586,Vancouver,2009-01-20 04:54:55,@CedarAndHoney @iamkennethchan @Climate_Pete This change would actually help with home owners more than investors.‚Ä¶ https://t.co/mwgFZwCAAs,0,Twitter for iPhone,
WTF ZIGGY,1476723555664490497,"Vancouver, Canada ",2021-12-31 01:15:36,@PatrickBeatmeat @ItickPaul @Richard50478103 @MarkHricketson @BarnettforAZ @GretaThunberg No panic attacks. Just pe‚Ä¶ https://t.co/7W7Q5zaCvG,0,Twitter Web App,
WTF ZIGGY,1476723555664490497,"Vancouver, Canada ",2021-12-31 01:15:36,@PatrickBeatmeat @ItickPaul @Richard50478103 @MarkHricketson @BarnettforAZ @GretaThunberg You're exaggerating a poi‚Ä¶ https://t.co/OiE3dZKZxz,0,Twitter Web App,
WTF ZIGGY,1476723555664490497,"Vancouver, Canada ",2021-12-31 01:15:36,@PatrickBeatmeat @ItickPaul @Richard50478103 @MarkHricketson @BarnettforAZ @GretaThunberg Patrick. Ask yourself thi‚Ä¶ https://t.co/5cBz3GuhXz,0,Twitter Web App,
Angie Kurlander,1258623092223430656,"Vancouver, British Columbia",2020-05-08 05:01:55,"@mileslunn Miles, you know better than that. Political sentiment can turn on a dime. That most recent poll shows cl‚Ä¶ https://t.co/BVInEQdy7C",0,Twitter for iPhone,
WTF ZIGGY,1476723555664490497,"Vancouver, Canada ",2021-12-31 01:15:36,@PatrickBeatmeat @ItickPaul @Richard50478103 @MarkHricketson @BarnettforAZ @GretaThunberg Why is plymouth roack dat‚Ä¶ https://t.co/ShnkkzMz20,0,Twitter Web App,
andy,302671041,"Vancouver, BC ",2011-05-21 15:29:51,"@RachelNotley Actually, we ARE doing that. In fact we were doing that long before the likes of the NDP + Trudeau Li‚Ä¶ https://t.co/LBeqbm2kid",0,Twitter Web App,
Vaccine Resistance,79905932,"Vancouver, Canada",2009-10-05 03:20:42,"Anthropogenic global warming was hatched  in early 1970's by billionaire pedophiles and ""bought"" politicians in exp‚Ä¶ https://t.co/Ak6Wyd3qVA",1,Twitter Web App,
Lee Haber,25645138,"Vancouver, Canada",2009-03-21 05:34:50,@alfonso46087188 @RazzberryYams @iamkennethchan They also mention additional storm runoff from climate change. If a‚Ä¶ https://t.co/WuU8q1QgAE,0,Twitter Web App,
IMPAC5,1272657477876674560,"Vancouver, Canada",2020-06-15 22:30:45,Episode 3: Generation Dread author @BrittWray explains how her research uncovers how eco-anxiety is brought on by t‚Ä¶ https://t.co/MaH7v0QwSk,0,Twitter Web App,
IMPAC5,1272657477876674560,"Vancouver, Canada",2020-06-15 22:30:45,"Round 2 of the #ProtectingBlueNature podcast is here with two new episodes focused on #biodiversity, climate change‚Ä¶ https://t.co/bqcz4p0dJ6",4,Twitter Web App,
andy,302671041,"Vancouver, BC ",2011-05-21 15:29:51,"@TaylorH95466728 @JonathanWNV Well, lookie hereüëá.  GHG/capita were dropping under Harper, long before Trudeau's sch‚Ä¶ https://t.co/TAOwGrJJqN",1,Twitter Web App,
The Tyee,14269008,Vancouver,2008-03-31 19:58:22,"‚ÄúI‚Äôm not interested in obstacles. I want to look at opportunities.‚Äù

https://t.co/vn4x5juU3E",8,TweetDeck,
Brendaüá®üá¶,1519000207521816576,Metro Vancouver,2022-04-26 17:08:02,"@RachelNotley Sellout.

You would sell out to a theory and a cult and impoverish your citizens without a second tho‚Ä¶ https://t.co/BrLwZpkgtQ",2,Twitter for iPad,
grim,1339171276837908480,"Vancouver, British Columbia",2020-12-16 11:31:40,@TeddyJo67414029 @BBCWorld It‚Äôs happening more now because of climate change,0,Twitter for iPhone,
jill,1413939946566475779,Vancouver,2021-07-10 19:15:41,"@JamesFindlay2 @R_Boissonnault If there were a unit on carbon capture in their high school text, we wouldn‚Äôt be hav‚Ä¶ https://t.co/KAYNXGQSql",0,Twitter for iPad,
jbv,2812211346,"Vancouver, British Columbia",2014-09-16 01:33:03,@safedr4 @RachelNotley Must be climate change ü§°ü§°ü§° https://t.co/UanopV9xRs,0,Twitter for iPhone,
Simon Donner,18026912,Vancouver,2008-12-10 18:56:44,There are many good examples of language with confusing dual meanings in the new article by @climatecomms about cli‚Ä¶ https://t.co/bPowfzLVHW,2,Twitter Web App,
RotoJo/BradyBunch01,3097694255,Greater Vancouver,2015-03-19 21:06:20,@Jay2020120 @StrayLidlBag @Cobratate @adinross And still hasn‚Äôt hit puberty. Sad. Anyways.. The Earth (like our bod‚Ä¶ https://t.co/MmYzOBwVUZ,0,Twitter for iPhone,
Mazdak,859143667,"Vancouver, British Columbia",2012-10-03 03:49:35,@playmatejaylene @KimDotcom @jacindaardern @NZClarke 2. Climate change: Ardern has made tackling climate change a p‚Ä¶ https://t.co/zECaTyRLAG,0,Twitter Web App,
Nick Bent,2372887656,"Vancouver, British Columbia",2014-03-05 00:03:56,"@MikeHudema Mother nature is in charge here, has been for millions of years,,, the solar system controls the climat‚Ä¶ https://t.co/U87II18Ade",0,Twitter Web App,
michel ghanem,1335326472785915909,Vancouver,2020-12-05 20:53:42,future climate change timeline Anna Paquin was right https://t.co/1PULJwSgAO,0,Twitter Web App,
Jim Baird,1045360120987701248,"Vancouver, British Columbia",2018-09-27 17:10:49,"ICYMI-

'Atmospheric dust has increased by about 55% since the mid-1800s, an analysis suggests. And that increasing‚Ä¶ https://t.co/Grq989zuhC",15,Twitter Web App,
Scott BW üá®üá¶üá∫üá∏ üåà,818402334568943617,"Vancouver, British Columbia",2017-01-09 10:21:36,@maxfawcett Climate change hysteria is the big lie.,0,Twitter for Android,
Peter Waldkirch ËèØÂΩºÂæ∑,963467932025024512,"Vancouver, British Columbia",2018-02-13 17:40:30,Staff: sewer capacity. Sewer system mostly built in 60s. Climate change impacts. 1.0 FSR incremental increase. 1.2‚Ä¶ https://t.co/mZfAi5cmmh,0,Twitter Web App,
The Tyee,14269008,Vancouver,2008-03-31 19:58:22,"Deaths from fossil fuels, CO2 and carbon monoxide choking up lungs aren‚Äôt visible. It comes down to public educatio‚Ä¶ https://t.co/Ke3yGkRmB8",12,TweetDeck,
-BL4CK0UT-,109351398,"Vancouver, British Columbia",2010-01-28 19:41:09,"@Johnmarche3 @TheRealKeean They already instituted Climate Change as the new religion, installed ESG scores into ba‚Ä¶ https://t.co/rOq208gmYV",2,Twitter for iPhone,
Josh Smith üêÄüóªüåÉ,176216366,"Vancouver, British Columbia",2010-08-08 22:45:48,@Noahpinion I wouldn't call it a hot bed or the worst discipline. But I have noticed that engineering does seem to‚Ä¶ https://t.co/vXiNnGIxUw,0,Twitter for Android,
The Only Animal,69030618,"Vancouver, BC",2009-08-26 16:47:56,"Call Me CC, A Comedy Starring Climate Change Live and in Person! https://t.co/ptwtfxBLRf",0,Twitter for iPhone,
Celeste George,86410896,"Vancouver, British Columbia",2009-10-30 22:34:41,How far can $25 million go to relocate a community that‚Äôs disappearing into Alaska‚Äôs melting permafrost?‚Ä¶ https://t.co/hXVeEQmknA,0,Twitter Web App,
Celeste George,86410896,"Vancouver, British Columbia",2009-10-30 22:34:41,"‚ÄúBy far, the largest beneficiary of inflation has been the oil and gas extraction and mining industries, which, in‚Ä¶ https://t.co/o7qisj4e1I",1,Twitter Web App,
Politics Ruin Everything,830693383303630848,"Vancouver, British Columbia",2017-02-12 08:21:50,@MattWalshBlog Apparently the $300m that Al Gore grifted from the Climate Change myth isn't enough.,0,Twitter for Android,
Ordo Fraterna Fibonacci,766378262259986437,"Vancouver, BC, Canada",2016-08-18 20:56:31,Effects of diversity on thermal niche variation in bird communities under climate change | Scientific Reports https://t.co/iMwp7MeKiG,0,Twitter Web App,
Shannon Michelle,829677067528646657,"Vancouver, British Columbia",2017-02-09 13:03:22,@IanDJbrown2 @ABDanielleSmith @JustinTrudeau @theJagmeetSingh @RachelNotley Climate change is not an existential th‚Ä¶ https://t.co/P73UCLQSx4,0,Twitter for iPhone,
The Tyee,14269008,Vancouver,2008-03-31 19:58:22,"The main stage. The family and community. The respite from right-wing authoritarianism, poverty, climate change.

V‚Ä¶ https://t.co/c0GW0NiKxZ",2,TweetDeck,
Doug Little üåπ‚úä üß° üá®üá¶,2790351250,"Toronto, and Vancouver Canada",2014-09-29 00:49:23,"We Have the Tools to Solve Climate Change, Says Bob McDonald

https://t.co/KecUEdMyrp",1,Twitter for Android,
Benny Coll,1330842568242839554,"Vancouver, British Columbia",2020-11-23 11:56:22,@GretaThunberg When will you lead Climate Change protests in China and Russia?,0,Twitter for iPhone,
Ian Cromwell,174285518,"Vancouver, British Columbia",2010-08-03 15:23:40,"""Time is everything in the justice equation of climate change. If we want an equitable pathway out of this crisis,‚Ä¶ https://t.co/yPQjDLMsjT",0,Twitter for Android,
Dave on VanPoli,1275640059497033729,Vancouver,2020-06-24 04:01:40,"@cvmevents @CitizenYan While climate change certainly causes weather events, seems to me that mitigating risk with‚Ä¶ https://t.co/clPUXzJyro",0,Twitter Web App,
KingShit,1429089312,"Vancouver, British Columbia",2013-05-14 23:54:55,@StarChidia @bennyjohnson This was a s fake a scene as climate change,0,Twitter for iPhone,
Elaine Carol,77421074,"Vancouver, BC Canada",2009-09-26 07:19:44,RIP Vancouver Folk Festival. Bureaucrats &amp; politicians contributed to your death. There is no understanding of BC's‚Ä¶ https://t.co/8pb3dghmT1,0,Twitter Web App,
Mike Gilbert,781340394,"Vancouver, BC, Canada",2012-08-26 00:05:10,@zerohedge Has John donated his private jet to any climate change charity yet?,0,Twitter for iPhone,
KPU News,1546476463,Metro Vancouver,2013-06-25 19:09:07,Gwynne Dyer with @presadavis for the President‚Äôs Dialogue Series today @KwantlenU. https://t.co/qRASHQmbTF https://t.co/OLRbPaXP6I,2,Twitter for iPhone,
Lindsay Brown - @lidsville@mastodon.social,17829133,Vancouver,2008-12-03 04:41:44,"@BenParfittCCPA And yes, we do need to save all that's left of BC's old-growth forests. They're critical for both b‚Ä¶ https://t.co/xuy75uVqxD",7,TweetDeck,
The Tyee,14269008,Vancouver,2008-03-31 19:58:22,"The only thing left to figure out is political will, economic investment and public acceptance.

@Michelle_Gamage s‚Ä¶ https://t.co/Rb4XB707nq",5,TweetDeck,
Shari O'Neill,1602276796304883712,"Vancouver, British Columbia",2022-12-12 12:19:37,@scotiabank @ScotiabankHelps My daughter deposited a check from the government for the climate change whatever thin‚Ä¶ https://t.co/EMPvs5wQLS,0,Twitter for Android,
"CanadaNotFree, YET",1081384945593966592,"Vancouver, British Columbia",2019-01-05 03:00:37,Just accept the fact that Trudeau is a fixated ass who is determined to end oil &amp; gas whether that is good or not f‚Ä¶ https://t.co/w3oGyu5D3Y,0,Twitter Web App,
Alan Fryer üá®üá¶üá∫üá¶,96646729,"Vancouver, BC",2009-12-13 23:19:37,Interesting that healthcare and the cost of living are two and three times more important to Canadians than climate‚Ä¶ https://t.co/1BBxuNXWd8,30,Twitter for iPhone,
Peter Waldkirch ËèØÂΩºÂæ∑,963467932025024512,"Vancouver, British Columbia",2018-02-13 17:40:30,Everyone in the city who gives a crap about either the housing or the climate crisis should be shocked and appalled‚Ä¶ https://t.co/kLVZpDd6br,2,Twitter Web App,
Living Oceans,19786927,"Vancouver, B.C.",2009-01-30 20:35:41,"Canada's Chief Public Health Officer, Dr. Theresa Tam, shares 2022 report Mobilizing Public Health Action on Climat‚Ä¶ https://t.co/Tqi7hPUavT",1,Hootsuite Inc.,
Alan Fryer üá®üá¶üá∫üá¶,96646729,"Vancouver, BC",2009-12-13 23:19:37,"PMJT says there‚Äôs not much his government can do about inflation because it‚Äôs a global phenomenon. Climate change,‚Ä¶ https://t.co/XyY5GAmv6H",251,Twitter for iPhone,
Alan Andrews,903619831,"Vancouver, British Columbia",2012-10-25 10:13:03,"When it comes to tackling climate change, Canada‚Äôs biggest pension funds don‚Äôt make the grade, report finds ($)‚Ä¶ https://t.co/ODex8NkeSk",0,Twitter Web App,
"CanadaNotFree, YET",1081384945593966592,"Vancouver, British Columbia",2019-01-05 03:00:37,"@JaneVMoneypenny All part of the cover up of the vaccines harming millions and millions, be it climate change, exer‚Ä¶ https://t.co/3YPqBwowhE",0,Twitter Web App,
Johanna Wagstaffe,121417367,Vancouver,2010-03-09 12:43:39,Why winter storms are becoming bigger and badder around the Great Lakes ‚Äî and what it means for those at risk (Also‚Ä¶ https://t.co/j3Zq7erdUf,7,Twitter Web App,
Crawford Kilian,19042993,"North Vancouver, BC",2009-01-15 22:39:28,"We Have the Tools to Solve Climate Change, Says Bob McDonald  via @TheTyee https://t.co/eOSoL9HU1C",0,Twitter Web App,
toffa,1032707112445476867,"Vancouver, British Columbia",2018-08-23 19:12:17,@GretaThunberg Climate Change propaganda should be a crime.,0,Twitter for iPhone,
Ontario Tree Frogüçä,975519759105060864,Greater Vancouver,2018-03-18 23:50:09,Climate change should concern us all.,0,Twitter for iPad,
michael grey,274369575,Vancouver,2011-03-30 06:04:03,"@JunagarhMedia Musk has Decided aiming tweets at opposites on Issues like Climate Change, Politics etc will Boost T‚Ä¶ https://t.co/r5cNZDHz51",0,Twitter Web App,
Edmond Bugos,289247700,Vancouver,2011-04-28 09:03:18,Things like climate change and equality offer the deep state endless opportunities for exploitation precisely becau‚Ä¶ https://t.co/2uBk4P589Z,6,Twitter Web App,
Edmond Bugos,289247700,Vancouver,2011-04-28 09:03:18,"One would think that tackling climate change and poverty are incompatible, even contradictory aims. But with a cent‚Ä¶ https://t.co/ASry5lUcD8",2,Twitter Web App,
Richard Karlson,567926696,"Vancouver, British Columbia",2012-05-01 06:33:59,"@lorrain00414525 If climate change discussions had never appeared in media, there would probably never have been a‚Ä¶ https://t.co/6fr4S8UvIP",0,Twitter Web App,
Philippine Canadian Inquirer,1010897337361694720,"Vancouver, British Columbia",2018-06-24 14:48:01,Winning the fight against climate change and ozone-depleting substances (ODS) can be achieved through global polici‚Ä¶ https://t.co/AiwjK3Lh9b,0,SocialPilot.co,
"CanadaNotFree, YET",1081384945593966592,"Vancouver, British Columbia",2019-01-05 03:00:37,Don't you know that its another escape route because they mention that it leads to heart problems... just like clim‚Ä¶ https://t.co/whF4hIp8g4,0,Twitter Web App,
Dave on VanPoli,1275640059497033729,Vancouver,2020-06-24 04:01:40,@CitizenYan Because of climate change risks? ü§î,0,Twitter for iPhone,
Mayor Kennedy Stewart clown parody,1220352455264751618,"Vancouver, British Columbia",2020-01-23 14:28:16,"Just watched this piece of shit movie. A tired, clich√© waste of time. And so much for climate change when you you b‚Ä¶ https://t.co/A9FOlehMJY",0,Twitter for Android,
Wosim Tahan,1464836987253313537,"Vancouver, British Columbia",2021-11-28 06:02:24,@CTVNews She was doing a photo op with them there is proof enough lies climate change is a hoax just to tax citizens to death,0,Twitter for iPhone,
Bella Belle,1250153259072770048,Richmond BC,2020-04-14 20:06:24,@JustinTrudeau @StellantisNA @Irek_K Can I ask where the graveyard disposal yard for 20 million fuel fed vehicles w‚Ä¶ https://t.co/PNumG7D6sz,1,Twitter Web App,
Miles Lunn üá®üá¶üá∫üá¶,902966850421571584,"Vancouver, British Columbia",2017-08-30 18:50:48,@sheilawalker73 People under 30 generally don't vote and mostly lean left.  Tory position on climate change is a no‚Ä¶ https://t.co/5DlziKOsJd,0,Twitter Web App,
Rjr,1021947116422189057,"Vancouver, British Columbia",2018-07-25 02:35:54,@JebraFaushay And they make damn sure people with impeccable qualifications who don‚Äôt believe man is responsible fo‚Ä¶ https://t.co/roVV0POuPp,0,Twitter for iPhone,
Nicholas T,1410852178986627072,"Vancouver, British Columbia",2021-07-02 06:45:53,@maciejl1998 @JuujuGirl @Rap Funny how this comes out at the same time all the rich elites are gathering in Davos f‚Ä¶ https://t.co/Ey39Zv4zVE,0,Twitter for Android,
Tyler üá®üá¶,1595067579856728065,"Richmond, British Columbia",2022-11-22 14:53:16,https://t.co/WGX1WxpB3d. I hope all these people have great jobs/passions that make them happy now.,0,Twitter for Android,
Aidan Scott,397585864,"Vancouver, British Columbia",2011-10-24 21:58:47,"@junsunglao I'm curious about the connection between climate change and mental health. Two Important topics, each d‚Ä¶ https://t.co/XTP8faMHzl",0,Twitter for Android,
Peter wang,975498487071629312,Vancouver,2018-03-18 22:25:37,@TBOBrightonHove @elonmusk @ScottAdamsSays Except these powerful elites which great power to effect the average fol‚Ä¶ https://t.co/HYpzRtetEB,0,Twitter Web App,
Wosim Tahan,1464836987253313537,"Vancouver, British Columbia",2021-11-28 06:02:24,@WallStreetSilv But but but climate change is real :),0,Twitter for iPhone,
Peter Dowdy,1601468526367494146,"Vancouver, BC",2022-12-10 06:47:16,@STOPthetrains1 This is that climate change denial looks like.,0,Twitter for iPhone,
Laurence,1012871788483624960,"Vancouver, British Columbia",2018-06-30 01:33:47,@TheChiefNerd @rgvrunner01 This is what is happening: the left wants you to know that Climate change is real and yo‚Ä¶ https://t.co/blw4lqYfk1,0,Twitter Web App,
epistem‚öôlogical breakfast club,3254317182,"Vancouver, Canada ",2015-06-24 06:40:51,@JeffAndDonkeys @RebeccaSolnit @OutrageOptimism @CFigueres @Tzeporah I agree. I replied to the tweet saying we don'‚Ä¶ https://t.co/RpB3kKG6Nm,0,Twitter Web App,
WhoMan,804773395573313536,"Vancouver, British Columbia",2016-12-02 19:45:04,@Kristopher_K She is a joke! Like climate change!,0,Twitter for Android,
‚ÄòDezza‚Äô,242841865,"Vancouver, British Columbia",2011-01-25 18:34:27,The world works in mysterious ways maybe there‚Äôs no climate change needed after all @GretaThunberg,0,Twitter for iPhone,
Syntheticus Canadianensis üåêüß¶ü•ëüèõÔ∏èüèôüöÑüè≥Ô∏è‚Äçüåà,1309229775148298240,"Vancouver, British Columbia",2020-09-24 20:34:48,Yeah I prioritize poverty reduction over climate change https://t.co/oBsnK4t3qb,0,Twitter for iPhone,
Rob-Pureblood üá®üá¶+üÖæÔ∏è+ü©∏+üçç:),1338527694649114627,"Vancouver, British Columbia",2020-12-14 16:54:18,@vintage831 Well‚Ä¶ it‚Äôs caused by climate change and long Covid - that‚Äôs what I think cause that‚Äôs what my TV says!‚Ä¶ https://t.co/0vY4ixqn51,0,Twitter for iPhone,
Nicholas T,1410852178986627072,"Vancouver, British Columbia",2021-07-02 06:45:53,@bradley24878245 @Yuri_Naetor @lordrochester63 @DrEliDavid This is the most hilarious tweet out there. To think we‚Ä¶ https://t.co/RbgSqU3M7y,0,Twitter for Android,
Sheeple Suck üá®üá¶üá∫üá∏,1593540101925060608,"Vancouver, British Columbia",2022-11-18 09:42:32,"ü§Ø climate change is a scam but we could do a whole lot better at not polluting our environment so much

https://t.co/ZJgGarkxun",0,Twitter for Android,
Jean P. Gelinas,2796195057,"Vancouver, British Columbia",2014-09-30 20:03:56,"@RyanLiebe5 @MikeHudema Next?
Catastrophic climate change courtesy of fossils who can‚Äôt accept change ;)‚Ä¶",0,Twitter for iPhone,
Chris Doyle,542004682,Vancouver BC Canada,2012-03-31 21:39:03,Learning more about a complex climate: https://t.co/vnpMU6jla7,0,Twitter Web App,
Aldyen Donnelly,606768790,"Vancouver, BC, Canada",2012-06-13 00:39:45,"@TerryDaynard If the Farm Bill initiatives focus on demonstrating ways to enhance resilience, soil health &amp; product‚Ä¶ https://t.co/gc7AnSh5m6",0,Twitter for Android,
SFU Beedie School,66400391,"Metro Vancouver, BC, Canada",2009-08-17 16:45:35,"Recent research from professor of international business, Erick Werker, and @LSEnews' International Growth Centre s‚Ä¶ https://t.co/GFeivPjSKc",0,Hootsuite Inc.,
Jerome Collins,21672026,"English Bay, Vancouver",2009-02-23 17:34:09,"Keen to know what the Conservatives' plan is to deal with climate change beyond ""Donald Trump says it's a hoax."" https://t.co/Dk18r4dtzf",0,Twitter Web App,
Mirage üá∫üá¶üá®üá¶,1362701010,"Vancouver, British Columbia",2013-04-18 19:24:08,"I don‚Äôt know what will happen to $TSLA in the short, medium, or long term.

What I do know is:

- We need to transi‚Ä¶ https://t.co/s7HynN6v9H",0,Twitter for iPhone,
Ricky Kwok,415569313,"Vancouver , BC",2011-11-18 14:23:20,"Fed directs big banks to disclose how they are preparing for climate change risks
https://t.co/ILA01N4NQM",0,Zapier.com,
Simon Donner,18026912,Vancouver,2008-12-10 18:56:44,The Right Words Are Crucial to Solving Climate Change - really important @sciam article from Susan Hassol (‚Ä¶ https://t.co/bZy8Kwx5tz,7,Twitter Web App,
Deetken Impact,902586024286494724,"Vancouver, British Columbia",2017-08-29 17:37:32,"We prioritize relationship building with portfolio companies, &amp; the Deetken Impact #SustainableEnergy team recently‚Ä¶ https://t.co/hBVIzeudnD",0,Twitter for iPhone,
KPU News,1546476463,Metro Vancouver,2013-06-25 19:09:07,"KPU will host Gwynne Dyer tomorrow, Jan. 18, for President‚Äôs Dialogue Series. Dyer will speak on climate change and‚Ä¶ https://t.co/NExgtjdEYU",1,Twitter Web App,
UBC Media Relations,64540763,"Vancouver, B.C., Canada",2009-08-10 22:49:56,"Dr. Simon Donner, @UBCGeog @ubcires professor, notes that Canada's climate policies are not aggressive enough. via‚Ä¶ https://t.co/XLOhoNgn3P",2,Sprout Social,
GrantinVan üá∫üá¶ üôè 4 ‚úåÔ∏è,1503438102945140736,üá®üá¶ ,2022-03-14 18:29:22,"@juliavkril I agree. MSM is a huge problem in today's world. Ukraine, covid, climate change... big part of the problem.",0,Twitter for Android,
toffa,1032707112445476867,"Vancouver, British Columbia",2018-08-23 19:12:17,@MikeHudema Behind every Climate Change propagandist is a Global Socialist.,1,Twitter for iPhone,
Tzeporah Berman,18536997,Vancouver,2009-01-01 21:39:26,"Extreme weather 
Sea-level rises 
Food insecurity 
Forced migrations 
Spread of infectious diseases 
Heart-related‚Ä¶ https://t.co/M6m0SHKM5J",3,Twitter Web App,
Philippine Canadian Inquirer,1010897337361694720,"Vancouver, British Columbia",2018-06-24 14:48:01,ICYMI: Many countries are attempting to reduce greenhouse gas (GHG) emissions to meet fast-approaching targets to c‚Ä¶ https://t.co/btTmBuBaCC,0,SocialPilot.co,
CVM Events,21676260,Vancouver,2009-02-23 18:19:16,@ame_todd @WeAreCanProud You should watch it. It‚Äôs not con propaganda. The man makes some excellent points re. clim‚Ä¶ https://t.co/o3gx1u6NnY,0,Twitter for iPhone,
Bnj D' TradeWarrior,1418227507023683593,"Vancouver, British Columbia",2021-07-22 15:15:51,Hypocrite Leaders are the reasons for climate change..they have to change or will be changed. https://t.co/jya0NlGPKh,0,Twitter for iPhone,
Simon Donner,18026912,Vancouver,2008-12-10 18:56:44,"The urgency of slowing and preparing for climate change, in one graph. 
This shows that the planet is warming faste‚Ä¶ https://t.co/079xyDsQ4j",14,Twitter Web App,
Aldyen Donnelly,606768790,"Vancouver, BC, Canada",2012-06-13 00:39:45,"@futuristatlarge @hausfath @OskaArcher @KetanJ0 Actually, Herman Daly repeatedly made that point in the late 90s/ea‚Ä¶ https://t.co/x0RUfxRI1X",0,Twitter for Android,
Crawford Kilian,19042993,"North Vancouver, BC",2009-01-15 22:39:28,Atmospheric dust may have hidden true extent of global heating https://t.co/4BhKIOaDPn,0,Twitter Web App,
S K,39334553,"Vancouver, BC",2009-05-11 20:33:17,@capitalism1 @AOvereducated @nytimes Those who can analyze and use logic know that the water shortage wasn‚Äôt create‚Ä¶ https://t.co/FSPBqNXiB6,0,Twitter for iPhone,
toffa,1032707112445476867,"Vancouver, British Columbia",2018-08-23 19:12:17,"@MikeHudema Virtue signalling, activated. Commencing climate change propaganda in 4, 3, 2, 1 aaaand go!",0,Twitter for iPhone,
michael grey,274369575,Vancouver,2011-03-30 06:04:03,#CryptoCrazy Pee Pee is afraid of the 'Public' actually hearing him answer Real questions about his  Terrible Judge‚Ä¶ https://t.co/VpkZwAht5q,0,Twitter Web App,
Aldyen Donnelly,606768790,"Vancouver, BC, Canada",2012-06-13 00:39:45,@hausfath @OskaArcher @KetanJ0 climate change risk mitigation--were always  required to contribute to at least a fe‚Ä¶ https://t.co/ZEpMAxQquF,0,Twitter for Android,
Philippine Canadian Inquirer,1010897337361694720,"Vancouver, British Columbia",2018-06-24 14:48:01,Many countries are attempting to reduce greenhouse gas (GHG) emissions to meet fast-approaching targets to combat c‚Ä¶ https://t.co/MbvhO1rLcj,0,SocialPilot.co,
Winson Tang,38374100,"Vancouver, BC",2009-05-07 05:07:11,Why winter storms are becoming bigger and badder around the Great Lakes ‚Äî and what it means for those at risk https://t.co/rLEWHypJqI,0,dlvr.it,
Pete Quily,246667561,"Vancouver, BC",2011-02-03 06:49:07,"Quebecers were asked whether lowering gas prices should take precedence over mitigating climate change, 60% disagre‚Ä¶ https://t.co/sOimydZwAn",0,Twitter Web App,
Pete Quily,246667561,"Vancouver, BC",2011-02-03 06:49:07,"Oil Puppet Party #CPC not popular in QC 

Asked whether inflation or climate change should be the top priority of f‚Ä¶ https://t.co/VRMEMAHjdv",0,Twitter Web App,
Pete Quily,246667561,"Vancouver, BC",2011-02-03 06:49:07,"QC says no to Oil Puppet Party

Ominous signs Poilievre‚Äôs pocketbook crusade is missing the mark in Quebec, or at l‚Ä¶ https://t.co/CiEct840sh",0,Twitter Web App,
Rjr,1021947116422189057,"Vancouver, British Columbia",2018-07-25 02:35:54,@CharlieJGardner Caused by climate change cultists who predict the world will end in 10 every year since 1980 and w‚Ä¶ https://t.co/cbNAXlKw2l,0,Twitter for iPhone,
One Epic Handle,1394307947006627841,"Vancouver, British Columbia",2021-05-17 15:05:07,@LayahHeilpern I‚Äôll bet @GretaThunberg is taking one as well to hang out with her friends at Davos all the while sh‚Ä¶ https://t.co/ayeExHnOHC,0,Twitter for iPhone,
Shane Richardson,83269770,"Vancouver, British Columbia",2009-10-18 01:49:30,@InterstellarDD @OzraeliAvi Are you sure it wasn't climate change that infected her? ü§î https://t.co/zhAp7OrAW8,0,Twitter for Android,
andy,302671041,"Vancouver, BC ",2011-05-21 15:29:51,"@nationalpost Perhaps the @bankofcanada was distracted by more important things;  like gender equity economics, sex‚Ä¶ https://t.co/3FytgapkKB",0,Twitter Web App,
Shannon Michelle,829677067528646657,"Vancouver, British Columbia",2017-02-09 13:03:22,@RickStojo @ABDanielleSmith JT wants to obliterate the energy sector here‚Ä¶ Basing it on helping with climate change‚Ä¶ https://t.co/g3k546mAzH,0,Twitter for iPhone,
Shannon Michelle,829677067528646657,"Vancouver, British Columbia",2017-02-09 13:03:22,@NunoMAguiar @ABDanielleSmith JT wants to obliterate the energy sector here‚Ä¶ Basing it on helping with climate chan‚Ä¶ https://t.co/jVrBCkpjAV,0,Twitter for iPhone,
Tom Codrington,826121782239363072,Vancouver,2017-01-30 17:35:56,I've been learning about avalanches recently. @avalancheca does a great job of informing the mountain-going public‚Ä¶ https://t.co/GLy2fTiDOv,0,Twitter for Android,
Prairie Paul,1730897000,"Vancouver, British Columbia",2013-09-05 05:19:19,"@jodyvance We‚Äôre doing surprisingly well in this country.
Child poverty has declined significantly in the last few‚Ä¶ https://t.co/EIrE4g1VhO",0,Twitter for iPhone,
Shannon Michelle,829677067528646657,"Vancouver, British Columbia",2017-02-09 13:03:22,@ABDanielleSmith JT wants to obliterate the energy sector here‚Ä¶ Basing it on helping with climate change and CO2 em‚Ä¶ https://t.co/mCtlxM97g6,0,Twitter for iPhone,
gravyüá®üá¶,880173941842522112,"Vancouver, British Columbia",2017-06-28 21:19:55,"@kellyknowsdaway After climate change has its way with your country, and makes it inhabitable. Canada will be welco‚Ä¶ https://t.co/EeWXpWywz2",0,Twitter for iPhone,
Lucy,786851258,"Vancouver, British Columbia",2012-08-28 12:00:10,Good to hear all the commissioners asking questions and taking in the high costs of climate adaptation. Hope this c‚Ä¶ https://t.co/JXnmSqmGow,0,Twitter for iPad,
Jamie,1492667390978506752,"Vancouver, British Columbia",2022-02-13 01:10:59,@Cory_electric Mr. Climate change doing his part polluting more air üôÑüôà,0,Twitter for iPhone,
Lucy,786851258,"Vancouver, British Columbia",2012-08-28 12:00:10,Talking about climate change induced sea level rise and effect on Vancouver‚Äôs many coastal parks.,1,Twitter for iPhone,
Bill Tubbs,192625373,"Vancouver, BC",2010-09-19 18:04:09,"@ThatTidy @georgeprbenson Actually, it's been defined as ""climate change"" for the last 30 years. ""Global warming"" i‚Ä¶ https://t.co/cwD96aAUrn",0,Twitter Web App,
"Giovanna (she/her) Boniface, OT",1015381714535792641,"North Vancouver, BC",2018-07-06 23:47:20,Are you an #OccupationalTherapist interested in climate change / climate action? Consider participating in this res‚Ä¶ https://t.co/4NOEGsv8rx,32,Twitter Web App,
Just watch me,54648674,North Vancouver,2009-07-07 19:27:14,@PierrePoilievre Climate change is expected to increase the frequency and intensity of extreme weather events that‚Ä¶ https://t.co/MnrQ8RsuN0,0,Twitter for iPad,
Fred Irvine,1005976167222951940,"Vancouver, British Columbia",2018-06-11 00:53:03,"@IsisWise In fairness to PP, I do not consider him to be a climate-change denier.  He is sceptical about the effica‚Ä¶ https://t.co/8pFjCPUfIl",0,Twitter for iPad,
Reagan Leslie,1497331846673145857,"Vancouver, British Columbia",2022-02-25 22:09:57,Narrative change coming. Although you could say it's been happening already. Climate change and long Covid is causi‚Ä¶ https://t.co/9IjzBSzM6V,0,Twitter for Android,
UBC Master of Food and Resource Economics (MFRE),338463359,"Vancouver, BC, Canada",2011-07-19 16:32:14,"Join us for a though-provoking seminar on the intersection of technology, climate change and agriculture. Dr. Tomas‚Ä¶ https://t.co/AdUQe4Opa8",3,Twitter Web App,
Mina Nozar,18969261,Vancouver,2009-01-14 06:37:39,"@Omani1love Very creative! 
It'd be nice to see one with soldiers outfits from District-1 of the Hunger Games.
That‚Ä¶ https://t.co/EFMQClbJP7",0,Twitter for Android,
Scotty William,3298768170,"Vancouver, British Columbia",2015-07-27 22:33:19,@IvisonJ He mocked people in the room for thinking we should change our lifestyle in the face of climate change. He‚Ä¶ https://t.co/aZjuQxMTA7,0,Twitter for Android,
"Gordon Hamilton, @DQStudent",41254877,"Vancouver, BC",2009-05-20 00:42:27,"@AimanH121 ""some of"" is probably a better choice in this context.

Generalization is difficult to do here as there‚Ä¶ https://t.co/pKq8e27S9d",0,Twitter for Android,
I'm Nat Okay üá®üá¶,3392008498,"Vancouver, British Columbia",2015-07-28 12:31:15,"Denying asylum for climate refugees like ""This guy never recycled, this one vocally denied climate change, this one‚Ä¶ https://t.co/DDkx2ujmo7",0,Twitter for Android,
Naizam (Nai) Jaffer,3241885442,"Vancouver, BC ",2015-06-11 02:54:05,Weather extremes are more common &amp; severe since the 1950s‚ÄîHydrology experts use technology to map areas subject to‚Ä¶ https://t.co/wfjvX4DU5u,0,Twitter Web App,
Naizam (Nai) Jaffer,3241885442,"Vancouver, BC ",2015-06-11 02:54:05,"The world's glaciers are shrinking &amp; disappearing faster than scientists thought, with two-thirds of them projected‚Ä¶ https://t.co/pA6sjTwn1g",0,Twitter Web App,
Jamie,1492667390978506752,"Vancouver, British Columbia",2022-02-13 01:10:59,@rick_ppc They probably don‚Äôt have climate change over thereüôÑüôÑüôÑüôÑüôÑüôÑüôÑ,0,Twitter for iPhone,
I'm Nat Okay üá®üá¶,3392008498,"Vancouver, British Columbia",2015-07-28 12:31:15,"@Coyle_The_Tesla @ClimateHuman Yeah he should stop trying to get us to not die from climate change, next time he ge‚Ä¶ https://t.co/onBncXiXER",0,Twitter for Android,
Happy Eco News,981139646460637184,"Vancouver, British Columbia",2018-04-03 12:01:35,"V Grid Energy Systems help composting go further by improving aeration, reducing bulk density and stimulating micro‚Ä¶ https://t.co/qBz86OOlDu",0,Hootsuite Inc.,
"Norm Farrell, IN-SIGHTS.CA",27371671,"North Vancouver, BC, Canada",2009-03-29 03:29:20,Oil companies forcefully and successfully mobilized against the science to stymie any action to reduce fossil fuel‚Ä¶ https://t.co/Npjc2KsoF2,8,Twitter Web App,
"Norm Farrell, IN-SIGHTS.CA",27371671,"North Vancouver, BC, Canada",2009-03-29 03:29:20,"People around the world are experiencing weather whiplash. BC's flood victims understand.
https://t.co/NKluoFyqqn",0,Twitter Web App,
Jim Matkin,1895778721,VANCOUVER  BC,2013-09-23 01:29:03,Comedian Leaves Oxford Union SPEECHLESS https://t.co/flpBZWGXaZ via @YouTube Brilliant debunking of woke and climat‚Ä¶ https://t.co/vqjVXnNNxi,0,Twitter Web App,
üí∞üí¥üíµüí∞,1425871088484077568,"Vancouver, British Columbia",2021-08-12 17:25:57,@ChrisBa57027595 @zerohedge If he‚Äôs lecturing people on climate change while taking a private jet‚Ä¶seems pretty hypocritical,0,Twitter for iPhone,
jmtoriel,16574552,"Vancouver, Canada",2008-10-03 05:15:49,Revealed: Exxon made ‚Äòbreathtakingly‚Äô accurate climate predictions in 1970s and 80s https://t.co/rCvcYCmqL6‚Ä¶ https://t.co/M6UkSgzXJ7,0,Twitter for iPhone,
Rob-Pureblood üá®üá¶+üÖæÔ∏è+ü©∏+üçç:),1338527694649114627,"Vancouver, British Columbia",2020-12-14 16:54:18,@healthbyjames Like so many other heart attacks and cardiac arrests lately‚Ä¶ wonder what could be causing it‚Ä¶ climate change?,0,Twitter for iPhone,
Ordo Fraterna Fibonacci,766378262259986437,"Vancouver, BC, Canada",2016-08-18 20:56:31,Drone Survey for Coastal Climate Change Impacts | SCRR https://t.co/AbT22y70HH via @YouTube,0,Twitter Web App,
David Wiebe,57120329,Vancouver,2009-07-15 20:02:37,"@ClimateHuman So often, climate change deniers are also anti-immigration. Funny, that. Maybe if we started promotin‚Ä¶ https://t.co/Bp6SqL93ar",0,Twitter Web App,
Simon Donner,18026912,Vancouver,2008-12-10 18:56:44,"As 2023 kicks off, is Canada's climate change plan aggressive enough? I had a long discussion with @AlexandraMaeJ o‚Ä¶ https://t.co/I0bOt5d67y",1,Twitter Web App,
Port of Vancouver,196252207,"Metro Vancouver, BC",2010-09-28 17:51:46,EcoAction is one of the many ways that the port authority is working to improve local air quality and reduce emissi‚Ä¶ https://t.co/bFscsnbap4,0,Twitter Web App,
Erica Pinsky,18246204,Vancouver,2008-12-19 17:27:26,This is your brain on climate change https://t.co/JqGsWyNUPK via @NatObserver,0,Twitter Web App,
Canadian Conservative 81,1599569327992504320,"Vancouver, British Columbia",2022-12-05 01:01:15,@DeplorableCana4 He had a Climate change wrapped in a Coincidence üíî,0,Twitter for Android,
mullahkilla,1354646409769705473,"Vancouver, British Columbia",2021-01-28 04:24:16,@JohnKerry @ClimateEnvoy Look at all these sheep‚Äôs thanking a politician. Climate change is fake,0,Twitter for iPhone,
Rob Chipman,386106777,Vancouver,2011-10-06 17:39:30,@StijnBruers @webmasterdave @JoshuaHiles @herbivorize @PaulDolman3 @WilliamsMitche @SteveCJjones @StephenCorrySvl‚Ä¶ https://t.co/dSblj8Rwmz,0,Twitter for iPhone,
brendan shields,299465917,Vancouver,2011-05-16 04:07:27,@ABDanielleSmith Danielle at some point soon I hope you will embrace and understand that climate change hurts famil‚Ä¶ https://t.co/XmY5oNFaUo,0,Twitter for iPad,
Edmond Bugos,289247700,Vancouver,2011-04-28 09:03:18,"According to some stupid bitch reporting for bloomberg, governments of the world are working together in Davis to s‚Ä¶ https://t.co/7cNJKmPoO8",6,Twitter for Android,
PrometheanCave,1368727368529895424,Vancouver,2021-03-08 00:58:02,@backtolife_2023 You mean it is not enough anymore to feel bad for causing global warming? Now I have to feel guilt‚Ä¶ https://t.co/BEGjQxzA7S,1,Twitter Web App,
Nexii,1232454508912893959,Vancouver Canada,2020-02-25 23:57:20,Is there a pathway to mitigate the #ClimateCrisis for the #constructionindustry ? https://t.co/z3HQH0EAIB via World Construction Today,0,Twitter Web App,
CTV News Vancouver,16313405,"Vancouver, British Columbia",2008-09-16 17:09:30,"Saturday was the warmest Jan. 14 on record in two B.C. communities, according to Environment and Climate Change Can‚Ä¶ https://t.co/ULrcwqLF8y",0,True Anthem,
Jean P. Gelinas,2796195057,"Vancouver, British Columbia",2014-09-30 20:03:56,@GDJ9630 @neuraloup @nspector4 The oil and gas employees and their kids live on the same planet as the environmenta‚Ä¶ https://t.co/DQEeewsD5m,0,Twitter for iPhone,
Jim Matkin,1895778721,VANCOUVER  BC,2013-09-23 01:29:03,Too Wet? Too Dry? Just Blame It On Climate Change https://t.co/nQgINmneK9 via @ccdeditor The climate has been chang‚Ä¶ https://t.co/FFi2Muiiht,5,Twitter Web App,
üåé Ben Holt,46851659,"Vancouver, BC",2009-06-13 08:09:05,@bruceanderson One will kill us all by doing nothing about climate change while pretending otherwise. The other is‚Ä¶ https://t.co/sJFJBzrNjM,0,Twitter Web App,
"CanadaNotFree, YET",1081384945593966592,"Vancouver, British Columbia",2019-01-05 03:00:37,"Maybe its more like the plot of the movie...  Kingsman: The Secret Service  which deals with a mad man, global warm‚Ä¶ https://t.co/TufzFvoRf6",0,Twitter Web App,
Bobdad,913412403383099392,"Vancouver, British Columbia",2017-09-28 14:37:42,"@drewleiper @LetsGoBrando45 @karl_claydon Oh, but the 'solutions' to 'climate change' absolutely harms the poorest the most",0,Twitter for Android,
Jennifer Campagnolo,131165566,,2010-04-09 13:24:01,Each climate calamity we endure is another learning opportunity for the nation to understand the existential threat‚Ä¶ https://t.co/0CTnfzPLlZ,0,Twitter for iPhone,
Ray Williams,16445991,Vancouver B.C.,2008-09-25 03:18:07,"@TrainingMindful You mean like when 90% of the earth's wild animals are gone due to climate change, something better is coming?",0,Twitter Web App,
Jackie Law,17918618,"Vancouver, Canada",2008-12-06 07:25:12,"Could @thehistoryguy @HistoryHit help me locate one of Dan's pods? It was about how life evolved on earth, with a p‚Ä¶ https://t.co/QDL8Uqmn6K",0,Twitter Web App,
CTV News Vancouver,16313405,"Vancouver, British Columbia",2008-09-16 17:09:30,"Saturday was the warmest Jan. 14 on record in two B.C. communities, according to Environment and Climate Change Can‚Ä¶ https://t.co/KMHvTFVeKo",0,True Anthem,
Troy McLure22,1520942444476452864,"Vancouver, British Columbia",2022-05-02 01:45:26,@RealAndyLeeShow I wish more people understood the fight against climate change is actually just stealing from the‚Ä¶ https://t.co/woi3jBfRVS,0,Twitter for iPhone,
Doug Little üåπ‚úä üß° üá®üá¶,2790351250,"Toronto, and Vancouver Canada",2014-09-29 00:49:23,"How do you like climate change so far? 

Five takeaways on the record-setting California storms

https://t.co/VaXeuoFmK7",0,Twitter for Android,
Richard Extreme Green Campbell,1138100232,"Vancouver, British Columbia",2013-01-31 22:44:23,@PJNewWest @CitizenYan @georgeprbenson @martynschmoll @jonathanxcote @Jonnotron1 @alyssa_jayne @kateintime‚Ä¶ https://t.co/fVgQ2a4meJ,0,Twitter for iPhone,
Teresa Ngan,325967077,"Richmond, British Columbia",2011-06-29 04:43:29,Scientists Are Breeding Super Coral That Can Survive Climate Change https://t.co/gFLQIAD71D via @YouTube,0,Twitter Web App,
üòàüî•Rebeka Foxüî• üá®üá¶,1504596502332669955,"Vancouver, BC. Canada",2022-03-17 23:12:32,@BCBrownell Climate change will not end through prayers and moderation. Religion continues to drive overpopulation.‚Ä¶ https://t.co/Un8egox5m6,0,Twitter Web App,
Teresa Ngan,325967077,"Richmond, British Columbia",2011-06-29 04:43:29,Our marine ecosystems are under severe threat from climate change and biodiversity loss. Please Join me in taking a‚Ä¶ https://t.co/GFTNTU0oEA,0,Twitter Web App,
Naizam (Nai) Jaffer,3241885442,"Vancouver, BC ",2015-06-11 02:54:05,African elephants face a grave challenge‚Äîclimate change is causing droughts in Africa to become longer &amp; more sever‚Ä¶ https://t.co/GNcTjRXAJp,0,Twitter Web App,
Bailey Parker,4789656793,"Vancouver, British Columbia",2016-01-20 17:06:06,@mattjohnstonca I was bit by a dog.  It was hot. He was mad.  Climate change bit me.,0,Twitter for iPhone,
Josh D,3469089194,"Vancouver, British Columbia",2015-09-06 09:32:31,@bcbluecon Men in dresses regularly lecture 'settler' watchers on land acknowledgement and climate change. That cha‚Ä¶ https://t.co/orUPQ1Glpt,0,Twitter Web App,
Arthur Dornville,1438605207626158080,"Vancouver, British Columbia",2021-09-16 20:46:36,"@ztisdale üéØ If I‚Äôm a company that makes hammers, the way that I help humanity is by providing them with hammers tha‚Ä¶ https://t.co/cOL0L2dZtC",0,Twitter for iPhone,
Mark Scott,2726767198,"Vancouver, Canada",2014-07-27 21:32:37,"Superb podcast on the science behind climate change. 

Dr. Richard Lindzen Professor Emeritus at MIT, and an atmosp‚Ä¶ https://t.co/z8wMdhmsBh",1,Twitter for iPhone,
Mark Scott,9209612,"Vancouver, Canada",2007-10-02 16:56:36,"Superb podcast on the science behind climate change. 

Dr. Richard Lindzen Professor Emeritus at MIT, and an atmosp‚Ä¶ https://t.co/oKnGmjlbCp",0,Twitter for iPhone,
Val C.,20745003,"Vancouver, British Columbia",2009-02-13 03:36:22,"IYes, I like pina coladas very much.üçπ
What I don't like? 
The mansplaining, climate change denying, Trudeau hating‚Ä¶ https://t.co/34ausPAidD",0,Twitter for Android,
Janos Sitar,39080435,Vancouver,2009-05-10 17:28:05,@charlesadler @ChantalHbert @TorontoStar I was heartened at the mention that Quebecers are very concerned with clim‚Ä¶ https://t.co/trQbc4uEyG,0,Twitter for iPhone,
@. CLIMATE CHANGER. üåèüåèüå≤üåèüåèüíöüå≤,87009722,Vancouver,2009-11-02 19:32:07,"As Floods Become More Frequent, Climate Change Threatens Seminole Tribe of Florida https://t.co/uzHvW6wAVR",0,Twitter Web App,
Derrick Penner,16803032,"Vancouver, B.C.",2008-10-16 05:26:57,"@jarmstrongbc @stephenbraverm1 @ParkBoard And maybe, in the era of climate change, maybe we need to consider rebuil‚Ä¶ https://t.co/5H2XKDT7EY",0,Twitter for iPhone,
Charles Scott,48963522,"Vancouver, British Columbia",2009-06-20 08:44:24,"@NorsemanIvan @MSNBC Will planting trees by itself be enough, without reducing our emissions of CO2? No.‚Ä¶ https://t.co/nhyckdnHg8",0,Twitter Web App,
Charles Scott,48963522,"Vancouver, British Columbia",2009-06-20 08:44:24,"@NorsemanIvan @MSNBC Yes, deforestration has been a factor.
https://t.co/WAevAtG91I.",0,Twitter Web App,
MattShea,26122317,"Vancouver, British Columbia",2009-03-23 23:39:42,"@namleznok @jordanbpeterson This does not disprove man-made climate change, does it?",0,Twitter for Android,
CTV News Vancouver,16313405,"Vancouver, British Columbia",2008-09-16 17:09:30,"Saturday was the warmest Jan. 14 on record in two B.C. communities, according to Environment and Climate Change Can‚Ä¶ https://t.co/jRbpqRvUzT",5,True Anthem,
Slavica Vukmanovic,1284710374047019009,"Vancouver, BC. Canada",2020-07-19 04:43:48,"We don't have a climate change problem. We have a thinking, reasoning deficiency problem. 
Konstantin Kisin | This‚Ä¶ https://t.co/KXd7r08Mo7",0,Twitter Web App,
Wosim Tahan,1464836987253313537,"Vancouver, British Columbia",2021-11-28 06:02:24,@UpwardNewsHQ Climate change 1000% everything is climate change including the election of Joe Biden,0,Twitter for iPhone,
Adam Temple,1035211337532489728,"Vancouver, British Columbia",2018-08-30 17:03:10,"@vonbrauckmann He makes some good points, but climate change will be solved by the Chinese because they don‚Äôt have‚Ä¶ https://t.co/NctLkF1dg2",0,Twitter for iPhone,
Let The Gif Do The Talkin',1274155080967524354,"Vancouver, British Columbia",2020-06-20 01:40:30,@GlobalBC It must be climate change or Trump's fault.,0,Twitter for Android,
"The Powder Picker, Meteorologist David Jones",39779111,Whistler Pig Alley 1650m asl,2009-05-13 16:02:14,"Keith, the rains in California are not linked to Climate Change. I think you and your group need to do a bit of wea‚Ä¶ https://t.co/oAQiimDAQA",1,Twitter Web App,
Cazzy Star,13537462,"Vancouver, British Columbia",2008-02-16 00:14:02,"@StantyPlays I don't think that context is the same at all lol

It's not about ethnicity it's about no NDP gov ever‚Ä¶ https://t.co/Dy96ETHArI",0,Twitter for Android,
Philippine Canadian Inquirer,1010897337361694720,"Vancouver, British Columbia",2018-06-24 14:48:01,"Many people think of the annual UN climate talks as talkfests which achieve only incremental change, at best. https://t.co/j3EwZenpl7",0,SocialPilot.co,
RunDaJewels üá∫üá¶,129364232,"Vancouver, British Columbia",2010-04-04 02:15:20,@impishchimp In the 70s when Exxon was the worlds largest company they spent $$ on climate studies where they predi‚Ä¶ https://t.co/FPnYU4tfYu,0,Twitter for iPhone,
Rjr,1021947116422189057,"Vancouver, British Columbia",2018-07-25 02:35:54,@ECOWARRIORSS Oooh you are admitting that El Ni√±o has a massive influence on the climate‚Ä¶ not only that but the cli‚Ä¶ https://t.co/nfGK32voHn,0,Twitter for iPhone,
baldguyinit,1589992458699640835,"Vancouver, BC",2022-11-08 14:45:28,"@tan123 Luke Mullen probably publicly bitches and screams climate change when it's dry at Santa Barbara, too.",0,Twitter Web App,
Sarabjeet Kaur,1306632605073248261,"Vancouver, British Columbia",2020-09-17 16:34:34,"@SaveYourSons - Investment 
- Minimize usage of plastic
- Microplastic - how to save yourself from this monster
- I‚Ä¶ https://t.co/pl2ONW6XD0",0,Twitter for iPhone,
Diane S. Baker,933873023257518080,"Vancouver, British Columbia",2017-11-24 01:40:54,"Excess deaths from a virus, common cause, speaks to the lack of resilience. It is an issue of Climate Change. https://t.co/2OiLd6Ycxt",0,Twitter for iPhone,
Kat Montagu,20465627,Vancouver,2009-02-09 20:47:46,@JoJoFromJerz Give pepper spray to schoolgirls in Iran. Open family planning centres worldwide. Pay for girls‚Äô educ‚Ä¶ https://t.co/3djCKiJ2gZ,0,Twitter for iPhone,
Elaine Diane Taylor,248362449,"Vancouver, British Columbia",2011-02-06 21:00:09,Rational thoughts re: climate change. https://t.co/JFr3eoIufX,0,Twitter Web App,
Common Sense,1212883247253688320,"Vancouver, British Columbia",2020-01-02 23:48:32,"Funny how many of the same people who scream ""FOLLOW THE SCIENCE"" in reference to Covid or climate change will happ‚Ä¶ https://t.co/k0FqqG3Zh7",0,Twitter Web App,
Winson Tang,38374100,"Vancouver, BC",2009-05-07 05:07:11,Ocean heat warming equal to 5 atomic bombs exploding ‚Äúevery second‚Äù for a year https://t.co/gFHcTdIfCh,0,dlvr.it,
Philippine Canadian Inquirer,1010897337361694720,"Vancouver, British Columbia",2018-06-24 14:48:01,"Across much of the world‚Äôs oceans, waves are getting bigger. https://t.co/4xG0mWwkkj",0,SocialPilot.co,
Mina Nozar,18969261,Vancouver,2009-01-14 06:37:39,"@nbreavington Climate changes...
That is real... Why?
Because change is the essence of life or creation itself.
The‚Ä¶ https://t.co/LQNAo4ckp1",0,Twitter for Android,
DaveyGuitr3,581448778,"Vancouver BC, Canada",2012-05-16 02:29:27,"@FoodProfessor How much $$ do you make a year? 6 digits at least, maybe even 7? You're a privileged white dude that‚Ä¶ https://t.co/OJa4ANpqYb",0,Twitter Web App,
Girl Incognito,1651513182,Vancouver BC,2013-08-06 23:48:52,"@DrEliDavid Probably natural causes‚Ä¶or climate change.
Sadly predictable. https://t.co/Tumd0rIQA5",0,Twitter for iPhone,
Jimmy Scrambles ü§†üá®üá¶üéÉ üêß ü¶û,1379217473476567040,Vancouver BC,2021-04-05 23:41:02,@dustedknuckles @VaushV @jordanbpeterson The natural world responds to changes in climate over thousands of years w‚Ä¶ https://t.co/ikb4kZokJ6,0,Twitter for Android,
Peter,4766281362,"Vancouver, British Columbia",2016-01-16 03:56:58,@TheoFleury14 Have you read this yrs focus? Their ‚ÄúAttendant System Transformation Imperatives‚Äù on food &amp; energy pr‚Ä¶ https://t.co/dE5nivst9F,0,Twitter for iPhone,
Bombay Bags,3137374093,"Vancouver, BC, Canada",2015-04-03 18:46:45,"Opinion: Finally, good news that inspires some hope for climate change #totebags #jute #burlap #canvastote
https://t.co/jDyzicsFxC",0,FS-Poster-App,
Jean P. Gelinas,2796195057,"Vancouver, British Columbia",2014-09-30 20:03:56,"‚ÄòIf you win the popular imagination, you change the game‚Äô: why we need new stories on climate | Climate crisis | Th‚Ä¶ https://t.co/dmTOLQWeNg",0,Twitter for iPhone,
‚ÄòDezza‚Äô,242841865,"Vancouver, British Columbia",2011-01-25 18:34:27,@Ant__DeSimone @CryptoWendyO Point is has nothing to do with safety or climate change,0,Twitter for iPhone,
"The Powder Picker, Meteorologist David Jones",39779111,Whistler Pig Alley 1650m asl,2009-05-13 16:02:14,"@LeafpaysNetZero Why won‚Äôt Katharine Hayhoe debate me on British Columbia weather and climate?

Go to  Is This Clim‚Ä¶ https://t.co/4sMv0M0L5T",0,Twitter Web App,
"The Powder Picker, Meteorologist David Jones",39779111,Whistler Pig Alley 1650m asl,2009-05-13 16:02:14,"Katharine Hayhoe could not forecast her way out of a wet paper bag.

https://t.co/sBUWv8wifl

You can find more wet‚Ä¶ https://t.co/BAg4RtDksC",0,Twitter Web App,
"The Powder Picker, Meteorologist David Jones",39779111,Whistler Pig Alley 1650m asl,2009-05-13 16:02:14,"Katharine Hayhoe is one of those dumpster fires.
https://t.co/c8MCigH5Y8

To learn about other dumpster fires, chec‚Ä¶ https://t.co/inRRY1EWwP",0,Twitter Web App,
Dr. Jean Buckler,753520741,"Vancouver, British Columbia",2012-08-12 17:57:40,@CitizenYan Second winter is coming (or not because climate change and everything we ever thought we knew is probably wrong now),0,Twitter for iPhone,
Curtis üá®üá¶,344503439,"Vancouver, British Columbia",2011-07-29 04:40:11,@jordanbpeterson Even Exxon agrees that climate change is real. Their own scientists studies were actually slightly‚Ä¶ https://t.co/bG5tJqgTCj,0,Twitter for iPhone,
Rick Benner,2279408418,Vancouver bc,2014-01-06 18:00:08,Danielle Smith Calls out Trudeau's Terrible Climate Change Plan for Alberta https://t.co/vuLDvVvNrN via @YouTube,0,Twitter Web App,
yolanda rose ,709692930,"Vancouver, British Columbia",2012-07-21 22:44:00,The truth on climate change. https://t.co/X2BmcmwAVR,0,Twitter for Android,
S K,39334553,"Vancouver, BC",2009-05-11 20:33:17,"@Wellwhaddayano @jordanbpeterson Climate change is a verifiable fact.
The efficacy of the Covid vaccine and the ser‚Ä¶ https://t.co/eHBhp3lzn5",0,Twitter for iPhone,
Lee-Ann Bates,371895729,"Vancouver, British Columbia",2011-09-11 18:33:26,@KevinFalcon After watching the debate for leadership I feel you‚Äôll need to get more clear on where you stand on ma‚Ä¶ https://t.co/7H6uBLDuqR,0,Twitter for iPhone,
365give,182392494,"Vancouver, British Columbia",2010-08-24 14:01:36,"There are so many ways that you can volunteer in your community to help fight climate change:
üå≥ Plant trees in your‚Ä¶ https://t.co/8XE9aNVFX8",0,Twitter Web App,
G üë©üèª‚Äçü¶Ωis in solidarity with Stephanie Allen!,2827299613,"Vancouver, BC, Canada ",2014-09-23 02:21:47,"In the next two months I'm doing workshops, presentations and designing material about ableism for people working i‚Ä¶ https://t.co/ce7wGdZcJx",8,Twitter Web App,
Jon Hunter,1073029555,Vancouver British Columbia,2013-01-09 06:51:21,"@TaotaoTasi @KBoerder That‚Äôs a decent question. There are over 100,000 MPAs around the globe so this would need som‚Ä¶ https://t.co/o3yK7gKJOA",0,Twitter for iPhone,
"Norm Farrell, IN-SIGHTS.CA",27371671,"North Vancouver, BC, Canada",2009-03-29 03:29:20,"Over billions of years, the natural world has developed associations upon which we humans have always depended. Per‚Ä¶ https://t.co/idoJtuFSdR",1,Twitter Web App,
zsazsa,199527679,vancouver,2010-10-07 02:44:04,@antonioguterres Justice and climate change should not be used in the same sentence,0,Twitter for iPhone,
Simon Donner,18026912,Vancouver,2008-12-10 18:56:44,"'We're still on the bunny slopes': As 2023 kicks off, is Canada's climate change plan aggressive enough? https://t.co/ZMip23l3Hb",4,Twitter for Android,
"CanadaNotFree, YET",1081384945593966592,"Vancouver, British Columbia",2019-01-05 03:00:37,@BilboBurgler Global warming hoax went down in flames so the  rats changed to climate change... something that has‚Ä¶ https://t.co/hKxZygi7HL,0,Twitter Web App,
Jordan Ross üå±(they/them),33779166,"Vancouver, British Columbia",2009-04-21 02:39:10,@Hello_its2023 @Lucyincanada @ParkBoard @ParkBoardScott @greenestcity @WeAreHub I love climate change!,0,Twitter Web App,
Marlow üá®üá¶üá∫üá¶,17819835,"Vancouver, Canada",2008-12-02 21:50:43,"@PierrePoilievre What are some ways I have hindered Canada?
- Rent high end apartment to friends not a family.
- Ha‚Ä¶ https://t.co/ruWDuxvPn1",0,Twitter for iPhone,
michael grey,274369575,Vancouver,2011-03-30 06:04:03,"Contrails are a problem for aviation ‚Äì but there could be an easy solution

https://t.co/uBsxj05MUg",0,Twitter for Android,
baldguyinit,1589992458699640835,"Vancouver, BC",2022-11-08 14:45:28,"Any time a celebrity or politician uses bad weather as evidence of climate change, please take note, and don't beli‚Ä¶ https://t.co/3eZB7BbmSI",0,Twitter Web App,
Michael Snell,1486561993863536643,"Vancouver, British Columbia",2022-01-27 04:50:38,@tedcruz Name one thing the GOP has to offer to deal with climate change. Facing a problem takes balls. You cant ev‚Ä¶ https://t.co/55eZ7iww8n,0,Twitter for iPhone,
CityNews Vancouver,71080496,Vancouver,2009-09-02 21:25:55,"As the world's population grows, and the impacts of climate change get worse, one thing we're going to need more of‚Ä¶ https://t.co/WyFGeSIrmc",1,Emplifi,
Jaime,34116722,"Vancouver, BC",2009-04-22 00:52:21,"As both a snowboarder and summer lover, this weather confuses me. It needs to cool down so the mountains get better‚Ä¶ https://t.co/Nta5ydLcPN",0,Twitter for iPhone,
Charles Scott,48963522,"Vancouver, British Columbia",2009-06-20 08:44:24,@NorsemanIvan @MSNBC You're right about the length of time needed to calculate a meaningful trend. So here's a grap‚Ä¶ https://t.co/ziHpqEn8GN,0,Twitter Web App,
Robert Ford,236535636,Vancouver BC,2011-01-10 20:26:46,@AOC Were these the same guys you interviewed in an official session a while back? https://t.co/TJCY9kbwdz,0,Twitter for Android,
ELEPHANATICS,2918023842,Vancouver BC Canada,2014-12-04 01:07:17,"One Mouthful at a Time: How Forest Elephants Help Fight Climate Change https://t.co/NsXyEUV4J1 
@condofire @jettbritnell @ReneBeyers",3,Twitter Web App,
gemmavandermeer,532708050,vancouver b.c.,2012-03-21 22:47:28,"@elonmusk @ScottAdamsSays burning trees  . more wind. climate""change""",0,Twitter for iPad,
The Province,16342817,"Vancouver, B.C.",2008-09-18 04:21:32,"Climate Change: 2022 was 17th hottest on record in Canada, fifth globally: report https://t.co/RgLSsoIpDT",1,Echobox,
The Vancouver Sun,12089642,"Vancouver, B.C. Canada",2008-01-10 23:08:57,"Climate Change: 2022 was 17th hottest on record in Canada, fifth globally: report https://t.co/EFgTfH2gg1",0,Echobox,
A Conservative Environmentalist,843907429066719232,Greater Vancouver,2017-03-20 19:29:44,@PeterDClack @DrEricDing @NASAViz @NASAClimate Most of the people that believe in the certainty of climate change a‚Ä¶ https://t.co/gfju9sGhoN,0,Twitter Web App,
Jim Nelson,37235655,"Vancouver BC ,Canada",2009-05-02 17:04:31,"@WeAreCanProud I know-that whole pesky,climate change thing- you know, droughts &amp; floods &amp; heat domes &amp; atmospheric‚Ä¶ https://t.co/yfJjetBw7v",0,Twitter Web App,
Happy Eco News,981139646460637184,"Vancouver, British Columbia",2018-04-03 12:01:35,"Researchers have found that old trees in the UK were critical to fighting climate change.

They used laser scans to‚Ä¶ https://t.co/KyuZi2OJyv",0,Hootsuite Inc.,
Lajos Illes,1590142072270782464,"Vancouver, B.C. Canada",2022-11-09 00:40:12,‚Äì the firm that laundered Hillary Clinton‚Äôs funding of the infamous ‚ÄòSteele Dossier‚Äô ‚Äì and a study which found an i‚Ä¶ https://t.co/p6fIreJk3J,0,Twitter Web App,
Dr. Chris Bataille,3186872395,Vancouver,2015-05-06 16:19:40,"Dear @nyt, I applaud the coverage of one of the central action vehicles of the Paris Agreement, but better to call‚Ä¶ https://t.co/7yQjbCUQgJ",0,Twitter Web App,
Ron Loewen,96794524,"Vancouver, BC",2009-12-14 16:44:34,Climate Change in 2022: Multiple Billion-Dollar Disasters  https://t.co/npSMnSfDVe,2,Twitter Web App,
Norris Morgan,91409597,"Vancouver, British Columbia",2009-11-20 19:38:51,@EvergreenJourn1 @MatthewWielicki I have thought the same thing. The climate scientists still avoid the question of‚Ä¶ https://t.co/Mvrg7QniQe,3,Twitter for Android,
Lindsay Brown - @lidsville@mastodon.social,17829133,Vancouver,2008-12-03 04:41:44,@antonioguterres @LetsFishSmarter Please make sure that you are not including hydroelectricity in your list of clea‚Ä¶ https://t.co/QzG0C61bG6,1,TweetDeck,
toffa,1032707112445476867,"Vancouver, British Columbia",2018-08-23 19:12:17,@liberal_party Fight against climate change? Climate Change is completely natural. You want to fight the sun and geomagnetics?,0,Twitter for iPhone,
Dr. Chris Bataille,3186872395,Vancouver,2015-05-06 16:19:40,"We consistently spend huge &amp; often wasteful sums on defense &amp; other forms of security, but we are all forgiving of‚Ä¶ https://t.co/Q4jJW0kAcE",1,Twitter for iPhone,
Keith Gillard,583192902,Vancouver BC,2012-05-17 20:27:50,U.S. Climate Change And Healthcare Bill Moves Democrats ...  https://t.co/QXImYDNrGQ,0,BHIVE Nectar,
FORED BC,711377977565585409,"Vancouver, BC, Canada",2016-03-20 02:25:01,"""Policy issues, especially energy and climate change, are being weaponized in üá®üá¶ for political gain at the expense‚Ä¶ https://t.co/RAujf0gPWV",0,Hootsuite Inc.,
David Gloyn-Cox Ó®Ä üêâ,93770780,Vancouver,2009-12-01 02:34:08,"@ayoair Climate is the trend over longer periods of time, weather is the local short term situation.

Under climate‚Ä¶ https://t.co/og3XEVesv5",0,Twitter for Android,
Alexandros isidorou üá∫üá¶ üá¨üá∑ üá®üá¶,2912141928,"Vancouver, British Columbia",2014-11-27 20:54:06,"@JoJoFromJerz I‚Äôm in Canada so lottery winnings wouldn‚Äôt be taxed here. 
Donate 1.25 billion to fight climate chang‚Ä¶ https://t.co/zjQAhaohYN",0,Twitter for iPhone,
toffa,1032707112445476867,"Vancouver, British Columbia",2018-08-23 19:12:17,@stkirsch I checked snopes. It‚Äôs climate change and the far-right that caused her death.,0,Twitter for iPhone,
SRM Sings For You,826289058129154048,Vancouver BC,2017-01-31 04:40:37,@WallStreetSilv In Chinada they want to make it illegal to have a garden because you might put something into the s‚Ä¶ https://t.co/0QlOUPOfHi,0,Twitter Web App,
Ralph Kuerbis,821677992669802496,"Vancouver, British Columbia",2017-01-18 11:17:54,"@elonmusk @ScottAdamsSays It is more foolish to spend the fuel on a ""war against climate change."" The contradiction‚Ä¶ https://t.co/hTNyPEqzzp",0,Twitter Web App,
Ralph Kuerbis,821677992669802496,"Vancouver, British Columbia",2017-01-18 11:17:54,"@PeterSweden7 I think it is a climate change ""conspiracy."" My SUV was rear ended 5 times, and my truck was front en‚Ä¶ https://t.co/Rj57ZxnIhG",0,Twitter Web App,
Ralph Kuerbis,821677992669802496,"Vancouver, British Columbia",2017-01-18 11:17:54,"@LauraLynnTT @MBrassenstein I think it is a climate change ""conspiracy."" My SUV was rear ended 5 times, and my truc‚Ä¶ https://t.co/3buUuVsEBn",0,Twitter Web App,
Pradeep Raj Takhar,1572823504772538368,Vancouver BC,2022-09-22 05:42:43,*** RCA Advisory To Cdn Citizens &amp; Residents...Re : Climate Change Issues...Tax Incentives..Every Year For Tax Paye‚Ä¶ https://t.co/nI9rtvMYdN,0,Twitter for Android,
Ameer Z.,73090164,"Vancouver, British Columbia",2009-09-10 10:43:32,"He's gonna tackle climate change by flying a private plane with public money 

His Highness Justin Trudeau and Her‚Ä¶ https://t.co/BwHr2cwHY7",0,Twitter for Android,
Angry Old St. Nick,804550138089746432,"Vancouver, British Columbia",2016-12-02 04:57:55,"@gargantuandwarf @Kushbai @umbrellaboss @elonmusk @ScottAdamsSays https://t.co/qYTj2aaQkN
https://t.co/pVPU5yiMCL‚Ä¶ https://t.co/Dt6yl5ozmb",0,Twitter Web App,
KM,74276700,"Vancouver, BC",2009-09-14 21:56:01,"@cbcnewsbc Frontline reported this back in August.
https://t.co/IwNnZ6FrG2",0,Twitter Web App,
Kara McNair. #BringBackMasks ü¶Ä üíâ üíâ üíâ üíâ üíâ üò∑,830585528961495040,"Vancouver, British Columbia",2017-02-12 01:13:16,"Funny how, as a matching example, climate change leads to more drought, which leads to more dried forests, which le‚Ä¶ https://t.co/BSJQ9SQnfS",1,Twitter Web App,
Jim Matkin,1895778721,VANCOUVER  BC,2013-09-23 01:29:03,Bill Gates: Nuclear Power and Fake Meat can Save Us from Climate Change https://t.co/OeU4knCZXs via‚Ä¶ https://t.co/a8LN6DS0sP,0,Twitter Web App,
BogusThought - get checkmark or die tryin üòÇ,1266489338675646464,"Vancouver, BC  ",2020-05-29 22:00:00,@elonmusk @ScottAdamsSays You can ask your Twitter friend AOC. She's an expert in global warming and gas stoves!!!‚Ä¶ https://t.co/KnXDhlcDf5,3,Twitter Web App,
Teresa Ngan,325967077,"Richmond, British Columbia",2011-06-29 04:43:29,Our marine ecosystems are under severe threat from climate change and biodiversity loss. Please Join me in taking a‚Ä¶ https://t.co/6yiCTF6dm9,0,Twitter Web App,
Charles Carl,508574437,Greater Vancouver,2012-02-29 08:19:01,@aaronhoyland @OpLoveJustin It‚Äôs actually climate change now.  Vaxs are yesterday‚Äôs scapegoat,0,Twitter for iPhone,
Politics Ruin Everything,830693383303630848,"Vancouver, British Columbia",2017-02-12 08:21:50,"@TysonAdams1 @ed_hawkins You believe in climate change.
You believe the vaccines work.
You believe everything covid‚Ä¶ https://t.co/V8iPS8WHL3",0,Twitter for Android,
Jim Baird,1045360120987701248,"Vancouver, British Columbia",2018-09-27 17:10:49,'Heat and drought are the utmost limiting abiotic factors that pose a major threat to food security and agricultura‚Ä¶ https://t.co/JNcnNL2t21,26,Twitter for Android,
Kent Clark,2875481695,Vancouver,2014-10-24 15:29:00,"Pierre is really showing his true colours. The FCPP has taken stances such as anti-vaxx, climate change denial, res‚Ä¶ https://t.co/mLra8mOY7F",0,Twitter Web App,
Jim Baird,1045360120987701248,"Vancouver, British Columbia",2018-09-27 17:10:49,"'In the Conference Board‚Äôs¬†annual survey¬†of CEOs worldwide, almost half of global CEOs agree that climate change is‚Ä¶ https://t.co/1lyXBoIQyS",17,Twitter for Android,
"The Powder Picker, Meteorologist David Jones",39779111,Whistler Pig Alley 1650m asl,2009-05-13 16:02:14,"And, by all means, reach out to David Suzuki, who also avoids this challenge. You can tag-team it! A climate change Dream Team of sorts.",0,Twitter Web App,
"The Powder Picker, Meteorologist David Jones",39779111,Whistler Pig Alley 1650m asl,2009-05-13 16:02:14,"You're a celebrity, author, and you know the science. Surely it wouldn't take much time or effort to dispense with‚Ä¶ https://t.co/KFGWpHSCdO",0,Twitter Web App,
"The Powder Picker, Meteorologist David Jones",39779111,Whistler Pig Alley 1650m asl,2009-05-13 16:02:14,Hey @KHayhoe I hope you are well! My offer to debate you live on BC weather and climate change on the platform of y‚Ä¶ https://t.co/inXa9durC3,0,Twitter Web App,
Winson Tang,38374100,"Vancouver, BC",2009-05-07 05:07:11,What three new USGS maps reveal about Mars https://t.co/UjjFA8suL8,0,dlvr.it,
Andy K don't need that/much attention üá®üá¶,1378181886,"Richmond, British Columbia",2013-04-24 23:15:32,"So Freeland wants to invest 2B$ of taxpayers $ into a company that doesn't exist! Why? Because, climate change! And‚Ä¶ https://t.co/qQOLtdcCxV",10,Twitter for Android,
John S√≥os üçâ,258262734,"Vancouver, Canada",2011-02-27 09:23:53,"@jordanbpeterson @JustinTrudeau As a behavioural scientist, Peterson's inability to comprehend importance &amp; reality‚Ä¶ https://t.co/5sItsUATam",0,Twitter Web App,
